"id"	"parcarea"	"geometry"
"48"	665.3278	"c(75959.975, 155144.148)"
"96"	361.1598	"c(91466.455, 142747.147)"
"146"	364.9475	"c(81014.044, 133582.082)"
"148"	3782.5168	"c(81106.543, 149392.837)"
"149"	181.7163	"c(80947.999, 144572.809)"
"191"	890.573	"c(77583.708, 140354.033)"
"192"	1576.5617	"c(88246.196, 140580.88)"
"258"	213.0693	"c(81787.504, 144322.596)"
"264"	204.0967	"c(75162.636, 157791.369)"
"300"	785.5625	"c(74886.749, 141061.835)"
"312"	498.8272	"c(81044.714, 145052.603)"
"317"	455.0278	"c(75195.083, 157208.467)"
"332"	156.3085	"c(53012.61, 163151.728)"
"340"	434.0536	"c(79987.876, 146727.95)"
"352"	308.9084	"c(82441.874, 144529.57)"
"409"	2412.1654	"c(85229.354, 138297.141)"
"417"	115.4734	"c(49805.842, 161328.621)"
"461"	278.8931	"c(70308.546, 151469.451)"
"473"	2526.141	"c(89686.774, 139949.74)"
"475"	153.6901	"c(80540.162, 144620.553)"
"596"	982.6737	"c(79401.896, 148045.264)"
"646"	947.7891	"c(94486.984, 145837.866)"
"695"	205.5242	"c(71975.83, 155761.379)"
"697"	731.5237	"c(72662.958, 149888.546)"
"734"	280.1079	"c(73232.221, 148574.612)"
"737"	130.031	"c(93624.215, 133512.039)"
"738"	751.6631	"c(74385.62, 158356.538)"
"777"	1954.4451	"c(88249.737, 138162.81)"
"821"	996.1596	"c(94288.738, 132646.029)"
"825"	371.9606	"c(53484.437, 163904.448)"
"873"	461.8958	"c(86538.083, 143832.656)"
"875"	914.9015	"c(72939.793, 148450.674)"
"880"	837.1478	"c(83161.725, 146266.904)"
"889"	1035.5829	"c(77094.306, 146703.683)"
"917"	390.2797	"c(45944.028, 157379.114)"
"919"	50.6394	"c(79104.374, 145332.493)"
"935"	143.7201	"c(53558.832, 163225.521)"
"948"	150.6232	"c(75884.144, 144344.455)"
"980"	346.7792	"c(79000.659, 145387.878)"
"1027"	93.6385	"c(80300.448, 144065.88)"
"1071"	2645.5561	"c(78728.483, 154653.995)"
"1108"	427.2305	"c(79562.94, 147951.584)"
"1134"	181.2563	"c(80819.562, 143843.887)"
"1162"	1076.1827	"c(72152.569, 156740.225)"
"1193"	298.0886	"c(47472.065, 160320.977)"
"1230"	519.6072	"c(74022.188, 148412.678)"
"1250"	451.3752	"c(47179.887, 158657.746)"
"1272"	1151.3082	"c(91723.394, 134798.431)"
"1338"	419.9511	"c(50008.79, 161479.862)"
"1353"	729.0202	"c(73470.539, 148624.635)"
"1359"	419.426	"c(45290.674, 158482.519)"
"1368"	487.7366	"c(80696.929, 143551.829)"
"1393"	892.1752	"c(79341.167, 148162.769)"
"1458"	1575.2029	"c(89362.877, 146350.787)"
"1468"	251.2465	"c(94453.62, 132813.655)"
"1502"	785.1777	"c(77772.468, 144071.807)"
"1526"	2784.9057	"c(88860.856, 159893.95)"
"1583"	554.9963	"c(80048.288, 145839.835)"
"1589"	1085.3096	"c(82496.535, 146506.705)"
"1670"	75.0422	"c(80929.781, 144606.033)"
"1672"	1210.2857	"c(76623.15, 140492.529)"
"1701"	1703.8984	"c(71302.07, 147735.823)"
"1759"	138.154	"c(81267.657, 145028.859)"
"1794"	3408.8482	"c(83837.538, 146214.081)"
"1799"	262.9166	"c(80361.307, 142885.348)"
"1814"	216.5041	"c(52604.195, 163793.058)"
"1875"	447.7787	"c(83309.997, 138910.533)"
"1878"	763.5784	"c(77776.286, 144088.127)"
"1918"	342.919	"c(80640.309, 143594.366)"
"1932"	295.1229	"c(71918.201, 155615.583)"
"2025"	1474.0569	"c(81495.143, 150604.225)"
"2047"	1534.603	"c(83193.18, 138776.675)"
"2099"	589.356	"c(91815.526, 141769.961)"
"2143"	6748.5668	"c(88933.715, 144618.632)"
"2145"	254.0208	"c(72725.432, 153742.484)"
"2181"	125.8753	"c(53694.782, 163024.188)"
"2208"	352.1307	"c(80639.418, 134693.742)"
"2230"	257.1821	"c(81932.451, 144314.117)"
"2255"	202.4319	"c(82073.728, 145287.51)"
"2297"	1233.9721	"c(74937.345, 147004.654)"
"2313"	448.405	"c(53460.715, 163898.693)"
"2316"	1711.3565	"c(47090.765, 159144.755)"
"2351"	191.3408	"c(79969.57, 143434.603)"
"2436"	167.7472	"c(53697.214, 163930.117)"
"2444"	518.546	"c(79501.914, 145630.543)"
"2458"	203.4698	"c(77196.284, 141191.443)"
"2471"	218.1713	"c(82417.146, 145498.628)"
"2486"	1260.7748	"c(79289.533, 145311.81)"
"2521"	165.1204	"c(75581.425, 151255.253)"
"2526"	2992.1657	"c(81851.999, 133980.21)"
"2537"	844.1415	"c(80786.576, 148240.986)"
"2559"	485.8388	"c(80363.041, 144557.591)"
"2584"	272.2824	"c(74621.28, 139011.69)"
"2646"	398.1921	"c(71672.902, 153519.73)"
"2651"	2440.9467	"c(75003.4, 137832.013)"
"2657"	708.6053	"c(86563.95, 161092.185)"
"2659"	18214.998	"c(44620.504, 156094.154)"
"2692"	318.3231	"c(94265.707, 134279.578)"
"2731"	1199.23	"c(87879.873, 137661.714)"
"2735"	227.8742	"c(44987.276, 158179.679)"
"2755"	676.8986	"c(79412.484, 137470.702)"
"2777"	736.9032	"c(73417.407, 156448.053)"
"2808"	291.2686	"c(85417.247, 139774.991)"
"2814"	1922.2882	"c(89768.536, 132882.699)"
"2880"	1002.8354	"c(76608.571, 147472.227)"
"1244"	1793.2864	"c(142252.838, 77412.383)"
"2260"	8303.4694	"c(136796.318, 77993.032)"
"2810"	961.5738	"c(141439.028, 76249.504)"
"55"	413.9449	"c(140341.256, 121815.035)"
"79"	275.2881	"c(135551.441, 112520.807)"
"87"	545.5633	"c(105826.583, 124016.45)"
"94"	389.7439	"c(114204.996, 123038.383)"
"136"	151.3355	"c(141305.53, 127267.535)"
"142"	240.5815	"c(135539.912, 127885.096)"
"153"	250.5872	"c(112878.869, 125233.488)"
"158"	1167.3429	"c(121082.013, 121770.45)"
"211"	147.4757	"c(114717.916, 121015.042)"
"221"	55.5387	"c(123745.084, 127253.477)"
"245"	359.8297	"c(111075.385, 122240.722)"
"268"	231.9556	"c(115062.052, 120437.675)"
"277"	381.4929	"c(143420.996, 117917.122)"
"280"	524.1181	"c(143153.229, 118202.302)"
"286"	236.1567	"c(143905.76, 120530.036)"
"299"	55.4307	"c(120702.149, 126853.491)"
"304"	225.1172	"c(115308.203, 121653.598)"
"322"	241.0653	"c(120208.809, 126096.779)"
"328"	2865.2127	"c(116088.128, 121588.402)"
"358"	148.0498	"c(115291.732, 121666.202)"
"373"	939.7545	"c(132087.541, 127628.323)"
"386"	195.9268	"c(113487.663, 125260.5)"
"411"	933.1237	"c(140606.556, 102243.251)"
"418"	581.763	"c(127157.859, 127866.445)"
"422"	1339.9935	"c(134282.717, 124934.452)"
"424"	947.9632	"c(114816.819, 122144.037)"
"428"	618.6832	"c(131252.655, 124442.917)"
"432"	562.6433	"c(131044.868, 121314.584)"
"468"	53.8908	"c(135385.977, 122623.076)"
"474"	564.3343	"c(107776.592, 124555.684)"
"500"	528.77	"c(140085.041, 121896.381)"
"560"	710.3606	"c(122489.27, 120745.885)"
"571"	252.6988	"c(127647.268, 115712.351)"
"574"	204.2067	"c(118436.457, 124963.743)"
"602"	291.0016	"c(137913.923, 124662.32)"
"620"	652.8035	"c(117378.09, 125217.736)"
"635"	52.5166	"c(111835.914, 125759.028)"
"645"	870.3511	"c(114707.417, 122459.825)"
"654"	327.1727	"c(115979.246, 125459.077)"
"675"	807.4847	"c(117371.733, 113670.944)"
"676"	747.0164	"c(106336.32, 119260.601)"
"677"	2983.7436	"c(115545.833, 119793.178)"
"684"	301.7793	"c(112241.866, 121989.02)"
"696"	1149.3597	"c(123086.879, 123506.68)"
"726"	188.9246	"c(109275.809, 124411.759)"
"728"	67.3778	"c(108713.141, 120948.624)"
"733"	549.5449	"c(110841.376, 119246.384)"
"735"	101.8955	"c(140496.188, 102813.94)"
"780"	2214.3314	"c(143090.014, 121022.011)"
"791"	94.186	"c(121349.966, 127171.406)"
"802"	734.9025	"c(142699.244, 127490.916)"
"803"	357.5528	"c(128621.324, 124428.182)"
"807"	284.9274	"c(138075.541, 127409.205)"
"815"	1188.1509	"c(143158.023, 118070.843)"
"842"	751.3912	"c(134364.247, 110354.411)"
"844"	249.5387	"c(135454.537, 125121.292)"
"855"	218.0707	"c(108022.359, 121472.672)"
"863"	279.6692	"c(131720.163, 123861.193)"
"878"	1210.4866	"c(111527.434, 121316.275)"
"881"	65.9282	"c(118688.442, 125302.54)"
"885"	1008.4651	"c(137445.255, 126556.077)"
"890"	133.8358	"c(101566.097, 121868.532)"
"894"	376.0061	"c(121881.908, 127819.793)"
"901"	82.7225	"c(120432.019, 127471.49)"
"927"	305.3568	"c(129444.538, 127633.25)"
"957"	1601.3772	"c(144206.159, 115958.283)"
"993"	644.3974	"c(115338.979, 125482.71)"
"1012"	161.1518	"c(116608.68, 125395.411)"
"1022"	531.3267	"c(143216.058, 116256.304)"
"1024"	253.397	"c(114762.723, 121557.341)"
"1095"	420.1629	"c(107619.46, 127414.955)"
"1113"	638.8519	"c(110735.142, 126875.923)"
"1152"	300.9876	"c(115526.053, 124379.396)"
"1165"	132.8061	"c(135897.993, 122114.08)"
"1166"	1662.3023	"c(137477.361, 122054.317)"
"1172"	102.28	"c(141111.535, 127053.873)"
"1174"	238.5279	"c(101383.983, 122418.451)"
"1190"	424.4761	"c(121444.01, 127552.414)"
"1200"	118.8031	"c(115503.522, 126081.807)"
"1202"	412.3746	"c(104933.751, 124192.804)"
"1223"	501.1228	"c(138938.091, 123138.424)"
"1296"	936.3923	"c(108700.818, 120574.195)"
"1314"	1290.8045	"c(142771.067, 111745.125)"
"1336"	1056.4179	"c(136233.156, 119380.511)"
"1384"	871.9073	"c(134246.435, 121114.84)"
"1413"	1984.5461	"c(121064.39, 126223.79)"
"1417"	244.4578	"c(139228.48, 124160.841)"
"1430"	181.3199	"c(115348.095, 125315.144)"
"1486"	327.4807	"c(132171.165, 127981.645)"
"1494"	189.1507	"c(120429.403, 126404.188)"
"1495"	200.7534	"c(116178.497, 127185.588)"
"1503"	455.7032	"c(134199.755, 126537.472)"
"1505"	267.2868	"c(132322.472, 111018.458)"
"1508"	2071.3535	"c(122444.855, 127347.472)"
"1538"	1467.3785	"c(126058.967, 119213.18)"
"1561"	332.409	"c(102154.077, 116962.041)"
"1602"	1196.3713	"c(123189.074, 124097.537)"
"1603"	1358.0125	"c(115907.084, 120529.264)"
"1616"	687.0659	"c(137796.919, 122777.674)"
"1640"	338.39	"c(135127.421, 110742.644)"
"1667"	325.742	"c(109657.937, 124051.174)"
"1684"	359.7469	"c(111313.721, 117922.659)"
"1704"	1455.4954	"c(140140.267, 127431.338)"
"1716"	191.5142	"c(140787.465, 127421.586)"
"1722"	731.9186	"c(115257.497, 123987.418)"
"1765"	516.45	"c(139691.922, 122792.198)"
"1816"	878.7402	"c(136177.888, 121377.997)"
"1826"	91.044	"c(136077.179, 122607.957)"
"1831"	995.6817	"c(124649.622, 126000.615)"
"1928"	548.2752	"c(135938.652, 121523.659)"
"1950"	970.3762	"c(115336.728, 125307.456)"
"1991"	648.1738	"c(130813.22, 120901.811)"
"2017"	1436.396	"c(129799.721, 119980.752)"
"2019"	123.3489	"c(114521.047, 121670.501)"
"2033"	189.4117	"c(116870.626, 122211.573)"
"2036"	558.7552	"c(114007.262, 123129.993)"
"2147"	131.2896	"c(139389.337, 93988.355)"
"2149"	171.3554	"c(134361.991, 126467.141)"
"2188"	1198.1255	"c(142994.858, 117719.111)"
"2204"	859.6461	"c(129346.769, 116778.097)"
"2246"	1050.0304	"c(143434.722, 119558.169)"
"2279"	154.2917	"c(113310.516, 121635.071)"
"2283"	1349.865	"c(111833.035, 118315.667)"
"2329"	135.215	"c(115340.057, 122221.007)"
"2358"	144.2571	"c(139245.449, 111625.617)"
"2360"	742.2961	"c(134044.614, 126669.55)"
"2364"	932.2698	"c(103499.973, 114749.041)"
"2367"	187.0768	"c(113783.762, 125637.563)"
"2415"	511.5848	"c(136317.785, 127805.854)"
"2422"	214.239	"c(108717.906, 120764.181)"
"2442"	1310.5237	"c(138930.624, 122116.003)"
"2452"	138.6012	"c(126583.574, 128068.907)"
"2467"	223.1249	"c(108759.527, 120448.443)"
"2474"	893.6133	"c(140639.538, 127022.395)"
"2507"	123.3835	"c(115897.035, 126872.448)"
"2515"	242.6941	"c(123035.703, 123892.065)"
"2539"	445.4644	"c(116225.48, 123247.558)"
"2541"	957.0475	"c(134284.746, 125354.591)"
"2558"	411.6106	"c(137081.236, 119851.859)"
"2607"	766.7745	"c(108665.25, 121918.272)"
"2618"	208.3586	"c(137238.87, 124398.115)"
"2632"	363.6774	"c(118665.558, 125281.896)"
"2647"	187.9315	"c(141272.976, 126925.773)"
"2685"	1105.8339	"c(101766.917, 125155.573)"
"2689"	159.7381	"c(111773.808, 124219.537)"
"2746"	948.077	"c(142996.636, 122246.471)"
"2788"	125.255	"c(127260.4, 127540.372)"
"2789"	1114.3627	"c(101138.575, 123661.876)"
"2807"	280.9573	"c(108769.885, 121059.567)"
"2819"	1109.1463	"c(122378.942, 127173.157)"
"2836"	1405.05	"c(111976.933, 118775.675)"
"2847"	203.7766	"c(115400.827, 122348.279)"
"2848"	143.2194	"c(120158.596, 124158.315)"
"2854"	278.1317	"c(107968.309, 122536.812)"
"39"	252.4652	"c(132857.066, 144168.95)"
"51"	302.7415	"c(135044.765, 130965.192)"
"54"	1624.6511	"c(110430.736, 145113.494)"
"57"	196.6446	"c(110535.66, 141903.222)"
"82"	1097.7663	"c(123050.469, 134075.816)"
"114"	721.1739	"c(106217.97, 139084.42)"
"155"	221.0249	"c(109325.945, 128873.569)"
"164"	170.6665	"c(126439.203, 153822.193)"
"175"	86.9821	"c(136700.322, 128917.78)"
"185"	926.1929	"c(129533.91, 152776.229)"
"199"	3096.4419	"c(109980.425, 149328.009)"
"222"	1098.4886	"c(102901.761, 154864.663)"
"229"	1000.2485	"c(135653.699, 138477.299)"
"232"	850.1778	"c(108090.828, 142901.603)"
"252"	257.57	"c(140540.49, 152206.232)"
"260"	1162.6518	"c(119419.306, 131192.622)"
"263"	215.3126	"c(107711.296, 145593.1)"
"271"	538.7094	"c(124063.975, 133912.324)"
"295"	302.6512	"c(135911.052, 129835.824)"
"309"	1948.3509	"c(128974.864, 129325.068)"
"310"	712.8491	"c(96998.849, 150896.132)"
"331"	116.3148	"c(128806.648, 140805.39)"
"341"	248.9389	"c(133163.548, 144189.175)"
"342"	137.4864	"c(112659.044, 155461.676)"
"353"	975.764	"c(136248.285, 139773.361)"
"361"	349.5895	"c(143228.511, 128978.136)"
"390"	136.5707	"c(140703.148, 132566.199)"
"410"	241.0259	"c(96437.96, 142644.011)"
"423"	490.7722	"c(102340.862, 129702.261)"
"429"	331.7993	"c(134356.361, 130503.902)"
"431"	482.4439	"c(123472.246, 132126.243)"
"440"	514.1175	"c(129595.258, 152877.081)"
"446"	116.5172	"c(107612.849, 146197.847)"
"453"	10852.5078	"c(133159.977, 143720.407)"
"480"	1518.587	"c(113139.891, 129256.034)"
"482"	452.4916	"c(116206.628, 133980.416)"
"498"	2983.5444	"c(142597.915, 148637.156)"
"552"	947.3484	"c(109623.846, 128565.905)"
"563"	1197.76	"c(123529.885, 141666.22)"
"572"	463.229	"c(96730.393, 150701.648)"
"575"	698.6694	"c(135233.921, 151507.766)"
"582"	364.0483	"c(113445.505, 156392.423)"
"590"	2770.5475	"c(108664.175, 156981.931)"
"614"	2456.508	"c(131649.312, 155744.087)"
"633"	863.1588	"c(139266.367, 150418.481)"
"636"	743.6781	"c(125689.109, 153339.687)"
"660"	3822.4576	"c(107941.87, 147515.189)"
"665"	103.4274	"c(144044.432, 140089.537)"
"666"	142.116	"c(139984.173, 148117.458)"
"669"	24.1683	"c(107708.418, 147249.02)"
"670"	220.8175	"c(96589.736, 142817.231)"
"679"	3059.7237	"c(118127.425, 149295.667)"
"722"	281.743	"c(136370.993, 140147.115)"
"723"	1052.2016	"c(138820.038, 131436.703)"
"725"	476.5312	"c(119104.711, 128285.375)"
"731"	296.1411	"c(129786.209, 153334.402)"
"739"	163.9445	"c(133380.497, 143976.63)"
"775"	1173.32	"c(114742.329, 153460.762)"
"786"	646.3868	"c(138455.673, 151541.659)"
"792"	452.1055	"c(113608.432, 134441.839)"
"801"	54.0849	"c(134898.605, 154981.909)"
"809"	892.8756	"c(111036.467, 130237.876)"
"818"	481.446	"c(129799.306, 153510.009)"
"819"	201.0302	"c(132235.238, 129772.536)"
"832"	751.2037	"c(120950.686, 130592.855)"
"835"	719.3172	"c(98785.296, 153778.4)"
"886"	1628.1286	"c(112072.607, 154934.964)"
"887"	3647.1996	"c(101653.043, 156622.264)"
"888"	865.8972	"c(118332.683, 129433.567)"
"896"	1542.8574	"c(100914.447, 139739.75)"
"898"	750.9635	"c(127971.897, 141394.174)"
"902"	466.6125	"c(134256.745, 144352.44)"
"918"	205.2537	"c(135199.633, 129815.309)"
"950"	322.767	"c(127682.752, 153727.316)"
"965"	253.8692	"c(136110.165, 140232.857)"
"978"	847.9521	"c(142102.992, 151661.934)"
"983"	838.0422	"c(99817.59, 142447.807)"
"988"	167.3369	"c(139408.479, 129342.476)"
"990"	1964.915	"c(117892.512, 128789.586)"
"991"	1557.0857	"c(120361.402, 148559.773)"
"1011"	144.3813	"c(121085.298, 129683.84)"
"1013"	1099.6532	"c(115733.545, 133378.366)"
"1034"	2587.6132	"c(100608.368, 156225.974)"
"1037"	392.4993	"c(133633.955, 145282.865)"
"1038"	538.029	"c(144115.797, 128567.911)"
"1039"	841.8401	"c(131465.878, 132398.38)"
"1045"	823.6055	"c(138436.22, 131883.921)"
"1048"	818.8476	"c(135747.021, 155423.598)"
"1063"	882.8616	"c(113362.066, 158099.128)"
"1080"	197.1536	"c(134149.978, 144533.839)"
"1090"	1317.3648	"c(104767.281, 128906.622)"
"1104"	319.3415	"c(119467.746, 151359.093)"
"1127"	4519.0292	"c(138327.628, 148351.805)"
"1130"	251.8217	"c(140254.03, 128944.718)"
"1138"	2152.7074	"c(116039.636, 158746.187)"
"1158"	1323.0332	"c(117781.276, 128986.529)"
"1160"	892.1699	"c(121975.751, 128167.95)"
"1163"	763.227	"c(140235.347, 153111.249)"
"1171"	56.9921	"c(102270.351, 129036.345)"
"1176"	792.7746	"c(104462.378, 148540.629)"
"1180"	370.0251	"c(129447.81, 140371.169)"
"1197"	1232.6745	"c(123655.066, 146720.658)"
"1234"	790.661	"c(135519.765, 149353.417)"
"1239"	806.8071	"c(136241.015, 136984.044)"
"1243"	1434.56	"c(107997.313, 139901.28)"
"1248"	357.5121	"c(144421.236, 128558.501)"
"1254"	690.8051	"c(126631.278, 153914.598)"
"1259"	811.1672	"c(101046.12, 158016.636)"
"1291"	336.689	"c(132257.28, 129531.687)"
"1294"	252.215	"c(134065.891, 144938.825)"
"1312"	976.2292	"c(134933.757, 128178.393)"
"1351"	345.2793	"c(141629.124, 151847.761)"
"1356"	519.2168	"c(139114.27, 129112.643)"
"1400"	1206.2452	"c(111660.908, 130793.636)"
"1402"	1962.7548	"c(112579.038, 128405.187)"
"1405"	935.5744	"c(99527.061, 132439.215)"
"1418"	1129.9671	"c(119574.823, 151072.809)"
"1435"	367.3957	"c(131437.119, 137984.414)"
"1436"	111.2937	"c(126528.038, 153727.047)"
"1456"	388.7824	"c(97602.191, 143185.899)"
"1476"	1056.6107	"c(102167.032, 142338.894)"
"1485"	1270.2971	"c(107458.255, 145505.028)"
"1492"	966.3432	"c(123406.881, 133224.722)"
"1539"	439.699	"c(94958.839, 133473.868)"
"1557"	607.6978	"c(108301.602, 145352.313)"
"1567"	367.6359	"c(134828.352, 131566.599)"
"1574"	932.4375	"c(137078.2, 151622.256)"
"1594"	1191.3097	"c(118305.423, 148265.09)"
"1615"	122.7733	"c(137729.047, 128731.434)"
"1627"	550.734	"c(143282.348, 128641.899)"
"1636"	443.0703	"c(132648.075, 128715.237)"
"1645"	799.3162	"c(134484.291, 130597.758)"
"1647"	1295.473	"c(113091.031, 157610.797)"
"1656"	200.5502	"c(108439.178, 133049.446)"
"1666"	282.314	"c(113860.124, 157108.587)"
"1668"	248.2713	"c(138218.087, 152921.684)"
"1705"	211.1756	"c(133104.783, 144289.375)"
"1706"	459.6646	"c(109031.574, 150376.912)"
"1710"	718.4829	"c(110006.746, 149400.334)"
"1720"	1718.6206	"c(107156.315, 161000.986)"
"1737"	583.1734	"c(129469.268, 154086.126)"
"1744"	80.924	"c(140881.697, 129525.767)"
"1768"	311.9491	"c(136088.041, 140015.507)"
"1772"	400.2511	"c(140201.155, 153346.452)"
"1836"	125.3087	"c(129692.921, 152990.932)"
"1837"	1374.0885	"c(102779.896, 157185.872)"
"1866"	263.4185	"c(134941.676, 138953.227)"
"1874"	277.9729	"c(119605.952, 131266.782)"
"1885"	404.0571	"c(140083.722, 133327.829)"
"1906"	435.0635	"c(112349.517, 155878.47)"
"1912"	92.1325	"c(100320.175, 155845.003)"
"1921"	1127.2834	"c(95187.089, 144133.634)"
"1930"	184.4192	"c(120941.521, 129277.583)"
"2001"	207.6569	"c(96855.772, 142287.071)"
"2037"	590.3678	"c(100245.161, 152911.431)"
"2038"	448.7996	"c(134203.165, 144443.766)"
"2070"	71.459	"c(138851.723, 147902.66)"
"2098"	1060.7248	"c(106754.405, 138609.608)"
"2115"	2838.6273	"c(115778.039, 135695.535)"
"2116"	1582.0935	"c(112888.786, 149004.874)"
"2132"	741.5478	"c(135758.451, 153495.334)"
"2153"	1009.5164	"c(143235.413, 136092.313)"
"2167"	994.3176	"c(96235.186, 133782.062)"
"2190"	2163.9386	"c(131304.996, 128439.492)"
"2219"	1144.6049	"c(117662.604, 128540.267)"
"2235"	937.5197	"c(132242.155, 151096.039)"
"2237"	80.6805	"c(137422.34, 130034.992)"
"2244"	1489.4767	"c(105495.48, 139292.026)"
"2248"	243.2448	"c(137461.181, 129179.455)"
"2259"	751.7723	"c(113511.971, 135118.423)"
"2268"	537.7649	"c(130238.419, 153418.386)"
"2296"	110.134	"c(103490.737, 152641.958)"
"2301"	261.849	"c(138050.402, 153083.393)"
"2343"	1045.7556	"c(134453.897, 131201.48)"
"2345"	242.2923	"c(136352.751, 137291.1)"
"2359"	2587.3115	"c(101951.482, 138012.072)"
"2362"	624.1782	"c(140403.044, 153209.18)"
"2365"	319.2231	"c(136426.266, 148916.943)"
"2391"	989.424	"c(106556.07, 137512.52)"
"2421"	150.2058	"c(96141.149, 132286.33)"
"2426"	1155.5322	"c(117696.193, 150404.15)"
"2432"	1237.003	"c(120545.585, 139080.473)"
"2437"	638.0259	"c(126710.378, 150525.946)"
"2441"	409.0543	"c(111539.253, 130340.916)"
"2446"	78.5883	"c(99399.277, 144363.538)"
"2449"	779.4296	"c(142628.432, 135189.169)"
"2450"	2045.5921	"c(140963.127, 147192.356)"
"2466"	989.2046	"c(138823.022, 153041.904)"
"2469"	240.0755	"c(133150.146, 142902.871)"
"2481"	497.7118	"c(128649.645, 153471.744)"
"2492"	11444.3625	"c(138547.867, 153851.806)"
"2493"	1796.6239	"c(135766.204, 133237.803)"
"2511"	597.6173	"c(139040.955, 129949.135)"
"2543"	2062.5708	"c(101252.565, 131348.827)"
"2552"	559.5659	"c(133665.717, 144136.341)"
"2563"	129.5185	"c(130560.475, 146171.547)"
"2566"	353.4289	"c(135108.255, 138857.145)"
"2588"	673.652	"c(143770.421, 131472.433)"
"2589"	921.8524	"c(99322.951, 158479.848)"
"2594"	846.9082	"c(135062.488, 144252.436)"
"2603"	278.9997	"c(111445.981, 155935.412)"
"2638"	2673.4863	"c(114129.906, 153220.507)"
"2639"	956.231	"c(97562.467, 137123.657)"
"2654"	306.7656	"c(95374.696, 133739.655)"
"2665"	177.0159	"c(136841.384, 128712.936)"
"2672"	2287.5681	"c(96165.668, 152666.151)"
"2676"	767.0711	"c(144265.039, 131576.847)"
"2678"	815.8413	"c(137698.795, 147753.541)"
"2732"	787.037	"c(138874.029, 152479.644)"
"2733"	531.7464	"c(140728.842, 129648.641)"
"2739"	2042.4006	"c(101142.298, 158324.908)"
"2742"	470.6594	"c(138970.811, 129252.443)"
"2749"	1093.8595	"c(139356.132, 132779.448)"
"2765"	290.7768	"c(107587.575, 146165.744)"
"2772"	246.1065	"c(140625.62, 150383.451)"
"2792"	136.9664	"c(109324.645, 137844.811)"
"2801"	642.7	"c(136559.247, 148347.812)"
"2823"	110.7795	"c(138535.159, 129400.519)"
"2829"	394.4356	"c(98159.103, 140248.111)"
"2832"	564.3064	"c(137181.265, 153905.371)"
"2851"	1700.9193	"c(101137.711, 131518.967)"
"2862"	50.5264	"c(143280.916, 139670.882)"
"2868"	162.4084	"c(133277.46, 150787.566)"
"2885"	323.6614	"c(136237.328, 137034.068)"
"1030"	443.8982	"c(156531.509, 72444.841)"
"34"	1542.9297	"c(150231.183, 126945.927)"
"59"	108.2019	"c(157554.013, 127934.108)"
"89"	979.802	"c(187964.512, 126744.095)"
"97"	363.4734	"c(164228.363, 106944)"
"100"	161.1737	"c(151506.171, 122848.599)"
"101"	2083.2696	"c(146967.316, 93190.811)"
"102"	475.4889	"c(148659.38, 126778.185)"
"103"	280.9878	"c(147045.186, 122511.863)"
"116"	572.4117	"c(159418.312, 107920.31)"
"120"	72.0262	"c(158400.588, 126540.098)"
"139"	340.6494	"c(144626.321, 125056.422)"
"144"	374.4928	"c(156477.861, 119953.868)"
"150"	244.1534	"c(183832.179, 127628.395)"
"151"	32.6689	"c(162392.067, 98378.099)"
"152"	1143.3025	"c(158097.352, 113575.247)"
"157"	936.3498	"c(167159.694, 98011.115)"
"177"	436.8317	"c(153285.28, 118350.148)"
"196"	44.5387	"c(152529.177, 124508.568)"
"197"	181.4127	"c(152371.021, 123515.406)"
"216"	1621.9311	"c(150221.697, 125040.396)"
"238"	2297.8167	"c(193890.318, 125588.903)"
"244"	1584.9286	"c(188792.685, 112377.583)"
"256"	312.491	"c(152132.808, 120995.82)"
"257"	225.5268	"c(162108.07, 121532.095)"
"269"	326.0729	"c(162030.346, 124123.732)"
"279"	384.0855	"c(152857.005, 125812.936)"
"294"	210.0084	"c(147273.767, 109056.945)"
"296"	186.991	"c(173477.701, 96723.713)"
"298"	285.1199	"c(157718.34, 121355.055)"
"335"	108.0477	"c(189359.052, 104271.049)"
"351"	154.1581	"c(158143.959, 108437.992)"
"365"	1015.6078	"c(153147.817, 116630.407)"
"370"	57.2563	"c(156436.61, 122087.505)"
"371"	193.9501	"c(154934.037, 97631.368)"
"382"	1416.9173	"c(159686.837, 125219.357)"
"392"	778.7378	"c(175266.92, 125238.728)"
"396"	161.9339	"c(151476.401, 125474.036)"
"402"	239.6912	"c(166984.471, 104892.283)"
"408"	473.3788	"c(167449.502, 84002.252)"
"427"	790.2311	"c(187028.88, 126485.601)"
"476"	191.2529	"c(153293.791, 125896.969)"
"477"	296.7409	"c(160811.919, 122383.509)"
"478"	429.7029	"c(146821.992, 124483.09)"
"479"	446.2697	"c(165854.473, 98443.638)"
"494"	127.4137	"c(146621.991, 122479.201)"
"505"	312.3565	"c(185772.892, 127761.066)"
"523"	827.1676	"c(186452.894, 125936.797)"
"548"	344.5468	"c(150404.996, 122438.523)"
"549"	702.5373	"c(155497.593, 114603.117)"
"556"	86.9319	"c(157361.753, 121203.728)"
"557"	290.6693	"c(167957.415, 123628.866)"
"565"	907.7407	"c(162133.71, 111165.907)"
"606"	265.1228	"c(160295.265, 124527.248)"
"610"	139.6275	"c(152097.351, 121122.165)"
"612"	678.0749	"c(173468.374, 126053.081)"
"621"	1831.756	"c(185521.546, 116735.709)"
"622"	1224.2549	"c(165309.121, 123349.48)"
"624"	909.6133	"c(149128.621, 114965.01)"
"627"	530.1735	"c(161355.344, 119789.22)"
"631"	363.3208	"c(146806.079, 121579.06)"
"643"	184.098	"c(155389.046, 119733.067)"
"656"	213.0731	"c(161482.433, 123528.968)"
"667"	922.2897	"c(165714.205, 121877.414)"
"683"	606.6447	"c(186857.811, 127463.834)"
"713"	98.018	"c(153858.131, 120041.752)"
"727"	65.0364	"c(160163.639, 121097.774)"
"730"	435.9488	"c(186112.339, 126934.56)"
"744"	819.5956	"c(161451.975, 114800.527)"
"747"	137.7918	"c(159158.979, 82762.285)"
"749"	460.0163	"c(186259.732, 112400.846)"
"781"	3675.5375	"c(187780.373, 112244.99)"
"805"	741.1835	"c(155349.995, 117985.115)"
"806"	676.2399	"c(169100.59, 126746.46)"
"810"	937.4409	"c(146430.401, 90948.072)"
"812"	315.2866	"c(156931.852, 125084.162)"
"817"	86.4227	"c(165516.094, 122231.31)"
"823"	217.4859	"c(152579.262, 124744.219)"
"826"	844.437	"c(150125.073, 116240.444)"
"841"	793.8829	"c(175634.148, 125087.353)"
"843"	579.9903	"c(185228.878, 115589.015)"
"868"	251.5538	"c(157904.097, 123141.166)"
"872"	82.0419	"c(155240.831, 122366.821)"
"879"	1403.218	"c(176585.802, 121360.776)"
"884"	1151.424	"c(182570.889, 127908.973)"
"892"	728.2696	"c(191659.997, 121044.453)"
"906"	175.8056	"c(149997.294, 118672.755)"
"913"	2102.7377	"c(189824.357, 86669.793)"
"921"	584.4977	"c(153434.177, 119984.578)"
"922"	1362.7484	"c(191745.428, 127225.925)"
"960"	286.9481	"c(147762.048, 109159.038)"
"967"	672.4877	"c(156361.31, 112131.403)"
"986"	167.453	"c(160253.662, 85211.367)"
"999"	787.3009	"c(153328.674, 120033.808)"
"1005"	537.3985	"c(147438.569, 127949.843)"
"1006"	351.4918	"c(156500.365, 123742.478)"
"1010"	205.0843	"c(158387.843, 121183.498)"
"1018"	1797.8028	"c(154029.953, 79225.827)"
"1020"	2228.8574	"c(148003.954, 91879.793)"
"1023"	213.693	"c(182127.032, 127911.003)"
"1025"	635.6891	"c(157843.582, 82441.428)"
"1029"	117.1969	"c(158298.091, 82500.349)"
"1031"	667.138	"c(156466.478, 117763.292)"
"1032"	391.3791	"c(194372.934, 120773.577)"
"1050"	246.9543	"c(148766.439, 125849.576)"
"1051"	3313.362	"c(184926.611, 121821.491)"
"1061"	453.6569	"c(162233.56, 124342.466)"
"1066"	421.69	"c(155461.261, 112387.175)"
"1074"	1271.7728	"c(192233.83, 123740.601)"
"1088"	2227.7729	"c(147341.067, 121620.096)"
"1094"	250.4121	"c(157609.735, 121657.796)"
"1096"	59.5639	"c(156801.962, 123820.673)"
"1106"	1123.3243	"c(167568.721, 122353.568)"
"1125"	769.9699	"c(149753.343, 125643.971)"
"1140"	328.5026	"c(155400.936, 123953.042)"
"1143"	1738.665	"c(169533.73, 123795.496)"
"1145"	830.06	"c(151263.927, 113438.842)"
"1149"	500.5538	"c(172603.706, 127211.584)"
"1154"	1691.894	"c(162115.846, 112783.852)"
"1156"	131.6849	"c(154304.606, 121631.319)"
"1167"	281.1394	"c(156528.478, 126009.342)"
"1175"	257.9521	"c(156549.837, 123043.087)"
"1185"	228.9681	"c(158364.754, 121390.776)"
"1192"	1411.5893	"c(179934.914, 119951.107)"
"1203"	787.9333	"c(185841.273, 127812.158)"
"1205"	708.0613	"c(147300.784, 127708.3)"
"1210"	146.6399	"c(166532.367, 126859.306)"
"1220"	1011.0473	"c(144972.917, 101296.443)"
"1232"	668.6886	"c(151262.923, 120058.598)"
"1256"	254.5231	"c(180221.195, 101918.839)"
"1269"	176.0323	"c(163475.077, 127832.788)"
"1281"	139.7621	"c(160154.8, 124410.34)"
"1289"	145.1566	"c(152950.469, 124052.787)"
"1298"	434.3344	"c(147151.769, 79450.583)"
"1315"	231.3084	"c(155741.922, 125553.197)"
"1319"	827.108	"c(148661.701, 124851.93)"
"1321"	1136.4842	"c(156904.069, 106026.741)"
"1330"	763.8475	"c(180572.437, 127597.157)"
"1334"	410.9094	"c(154320.094, 125126.122)"
"1335"	1106.1017	"c(187562.907, 105729.53)"
"1341"	149.0782	"c(152953.514, 125225.097)"
"1344"	1713.1283	"c(161082.671, 123061.689)"
"1348"	248.5345	"c(146457.387, 122628.724)"
"1354"	937.5478	"c(158106.995, 126636.479)"
"1365"	204.7611	"c(155372.603, 119508.985)"
"1376"	183.7342	"c(157263.804, 123126.174)"
"1378"	1957.9997	"c(187306.157, 95038.996)"
"1389"	241.9815	"c(185490.785, 126395.754)"
"1395"	1341.0335	"c(168709.809, 127724.452)"
"1406"	394.5676	"c(182323.38, 120883.982)"
"1424"	3118.7817	"c(144778.966, 115515.575)"
"1451"	952.0803	"c(155070.079, 110236.793)"
"1452"	331.9058	"c(160381.782, 124526.41)"
"1461"	210.8525	"c(162165.299, 111088.125)"
"1465"	552.2215	"c(168609.568, 125633.525)"
"1478"	44.6029	"c(158028.194, 120893.123)"
"1506"	345.4757	"c(158841.315, 124294.124)"
"1510"	1391.2713	"c(188080.69, 126771.276)"
"1534"	125.8769	"c(154700.839, 118980.046)"
"1540"	172.6189	"c(167966.997, 123513.333)"
"1566"	1056.1347	"c(152297.073, 114083.315)"
"1571"	98.0006	"c(146458.755, 121803.954)"
"1591"	787.8239	"c(151431.2, 117157.295)"
"1597"	485.7459	"c(157554.04, 111017.266)"
"1599"	463.3861	"c(161346.922, 120700.385)"
"1604"	982.8327	"c(188299.498, 112396.552)"
"1619"	643.3156	"c(187821.5, 105529.259)"
"1634"	199.5476	"c(155717.625, 120533.74)"
"1651"	69.3931	"c(157243.223, 124146.574)"
"1678"	290.6758	"c(154860.433, 123206.742)"
"1698"	172.8041	"c(152147.776, 121077.943)"
"1703"	834.0832	"c(187983.427, 116046.056)"
"1711"	600.8633	"c(158519.742, 108500.363)"
"1736"	1910.1318	"c(184862.548, 121882.179)"
"1740"	374.7033	"c(147601.725, 121853.128)"
"1743"	168.4856	"c(168848.05, 126255.775)"
"1753"	470.7094	"c(153319.497, 123719.969)"
"1764"	314.8462	"c(150210.933, 123084.15)"
"1779"	942.7292	"c(163790.695, 108805.781)"
"1786"	284.6706	"c(154152.195, 120855.842)"
"1803"	241.2538	"c(160593.394, 120077.005)"
"1818"	165.688	"c(160999.967, 123127.157)"
"1821"	156.1268	"c(152741.172, 123993.411)"
"1844"	584.6574	"c(154026.902, 79208.716)"
"1902"	322.4252	"c(185439.158, 118549.593)"
"1903"	3493.4028	"c(190006.155, 122932.348)"
"1922"	265.5381	"c(149705.333, 127237.837)"
"1926"	664.2109	"c(185523.914, 126459.989)"
"1929"	340.0716	"c(155310.981, 123750.183)"
"1957"	387.0615	"c(161096.022, 109394.833)"
"1971"	79.2415	"c(151856.762, 122015.127)"
"1976"	594.1648	"c(162928.424, 98118.083)"
"2060"	738.2376	"c(189936.895, 125388.408)"
"2087"	809.9577	"c(161253.674, 105728.066)"
"2088"	335.5391	"c(155055.258, 120052.707)"
"2092"	437.9552	"c(149905.595, 117654.695)"
"2093"	1197.8072	"c(147329.578, 82839.815)"
"2096"	264.5871	"c(167330.386, 123279.002)"
"2104"	127.0202	"c(157154.527, 118704.194)"
"2112"	225.531	"c(153081.13, 118280.265)"
"2129"	1289.1096	"c(159476.856, 84918.101)"
"2141"	573.8021	"c(180150.836, 127558.682)"
"2151"	150.6941	"c(185893.116, 127241.06)"
"2187"	102.3667	"c(183529.547, 127251.264)"
"2195"	934.5404	"c(161694.871, 120103.801)"
"2198"	125.747	"c(184718.783, 126168.638)"
"2206"	322.6751	"c(148937.338, 125766.196)"
"2209"	364.7411	"c(157705.875, 122075.652)"
"2210"	3289.7172	"c(154086.008, 78748.985)"
"2238"	165.1935	"c(160685.082, 122089.968)"
"2239"	2350.7064	"c(189647.382, 113357.448)"
"2240"	490.9568	"c(150400.291, 122875.812)"
"2245"	655.0101	"c(176263.089, 97462.264)"
"2274"	1029.334	"c(176831.028, 121296.188)"
"2282"	114.4331	"c(157142.162, 121212.274)"
"2293"	570.8923	"c(159743.018, 100203.316)"
"2320"	761.4622	"c(147251.866, 122758.375)"
"2338"	112.1101	"c(160643.128, 120528.266)"
"2347"	658.0434	"c(154428.193, 127935.228)"
"2352"	79.6926	"c(165575.646, 123590.754)"
"2368"	304.4707	"c(157137.631, 123103.292)"
"2369"	317.7592	"c(150088.223, 112809.097)"
"2374"	1209.5461	"c(148702.388, 104011.322)"
"2382"	1871.0071	"c(147156.307, 92078.086)"
"2383"	218.7233	"c(147505.926, 83769.315)"
"2384"	980.1181	"c(188350.947, 124874.701)"
"2395"	540.8126	"c(147398.547, 79483.684)"
"2402"	383.2828	"c(148772.428, 125961.87)"
"2410"	103.6963	"c(159487.693, 121753.008)"
"2435"	258.1307	"c(184771.725, 126617.015)"
"2455"	423.9981	"c(164479.236, 127704.982)"
"2456"	1150.795	"c(185562.505, 123778.154)"
"2457"	2295.4622	"c(159801.386, 81120.693)"
"2461"	300.0207	"c(172115.825, 104543.628)"
"2462"	1501.9304	"c(187646.344, 124882.518)"
"2465"	442.9584	"c(193614.113, 83349.038)"
"2482"	501.5297	"c(146559.789, 121280.96)"
"2483"	935.1692	"c(161313.359, 119744.039)"
"2497"	101.138	"c(166574.853, 124926.257)"
"2498"	1192.7034	"c(168945.88, 79528.732)"
"2501"	1480.1729	"c(162290.612, 121889.992)"
"2506"	227.4775	"c(158175.426, 122121.808)"
"2514"	1044.8471	"c(172446.164, 127229.65)"
"2518"	871.9718	"c(186969.434, 125429.163)"
"2529"	695.5299	"c(160184.771, 124012.822)"
"2540"	170.5178	"c(159560.308, 124110.016)"
"2561"	227.9297	"c(157713.402, 121264.058)"
"2581"	635.9557	"c(165772.78, 124895.297)"
"2596"	1874.4325	"c(178725.812, 127446.583)"
"2608"	1003.4892	"c(168225.165, 123769.498)"
"2613"	155.4233	"c(158643.426, 121545.165)"
"2620"	471.2214	"c(167245.638, 97444.094)"
"2621"	316.7783	"c(157899.596, 121742.026)"
"2627"	64.9018	"c(154044.53, 123382.483)"
"2628"	526.0978	"c(161665.191, 114789.368)"
"2640"	309.6323	"c(153925.972, 119790.583)"
"2668"	1763.1939	"c(156130.006, 108787.627)"
"2674"	374.5431	"c(157651.731, 122043.371)"
"2698"	233.824	"c(162018.126, 124481.136)"
"2702"	120.591	"c(151454.935, 125783.682)"
"2707"	405.7126	"c(162171.583, 124429.97)"
"2714"	723.1777	"c(153343.387, 115712.093)"
"2715"	41.8402	"c(160587.303, 121133.868)"
"2719"	124.5703	"c(158084.655, 127888.218)"
"2738"	97.395	"c(161909.229, 120766.636)"
"2745"	243.6696	"c(160525.147, 124691.024)"
"2747"	587.893	"c(146930.389, 92589.34)"
"2756"	659.0164	"c(151009.758, 118452.014)"
"2760"	989.2409	"c(155343.899, 118666.921)"
"2786"	951.2644	"c(191645.629, 121354.954)"
"2795"	297.4925	"c(151069.687, 127826.096)"
"2805"	1111.5824	"c(161801.417, 114011.428)"
"2813"	182.5652	"c(157460.545, 85019.309)"
"2817"	966.4294	"c(164911.376, 116314.346)"
"2830"	215.3039	"c(167178.564, 125007.599)"
"2844"	360.8386	"c(151414.982, 125440.427)"
"2853"	1459.6306	"c(163824.01, 127115.649)"
"2860"	3592.3491	"c(181005.541, 124259.498)"
"2863"	1790.5918	"c(157093.434, 116515.412)"
"2876"	2268.2043	"c(171362.327, 125940.274)"
"2890"	519.6524	"c(157512.293, 120160.379)"
"2893"	410.9998	"c(161390.018, 116690.178)"
"2895"	221.5397	"c(169583.363, 78664.755)"
"2905"	179.0599	"c(150455.522, 123141.183)"
"2910"	917.5646	"c(146815.123, 125285.583)"
"50"	1265.5189	"c(154750.728, 149827.217)"
"76"	1413.176	"c(185298.427, 129254.638)"
"80"	578.2046	"c(152698.874, 156813.613)"
"83"	201.4677	"c(183529.495, 129480.332)"
"125"	170.4852	"c(150213.108, 151336.079)"
"141"	228.5259	"c(194459.322, 128896.063)"
"162"	585.5047	"c(146496.665, 144320.251)"
"163"	1001.8763	"c(166813.623, 146807.988)"
"166"	808.6759	"c(162373.008, 154930.563)"
"169"	15440.5136	"c(162524.661, 129819.612)"
"182"	1614.5102	"c(161872.253, 147839.936)"
"184"	1108.2643	"c(166301.517, 148197.713)"
"195"	785.4348	"c(176794.648, 135751.306)"
"200"	200.3825	"c(167349.672, 156321.113)"
"202"	670.8049	"c(162191.812, 144461.65)"
"207"	313.3039	"c(164303.451, 152054.189)"
"218"	613.1323	"c(151711.124, 154723.054)"
"231"	966.7987	"c(148296.822, 151678.39)"
"237"	1023.2166	"c(162706.451, 154917.409)"
"240"	695.5465	"c(164860.808, 151125.131)"
"242"	314.7033	"c(147803.934, 143565.969)"
"255"	1750.6845	"c(191123.51, 134584.022)"
"261"	646.2991	"c(170893.764, 147406.584)"
"262"	1113.7881	"c(165827.672, 128091.285)"
"307"	857.3201	"c(163300.346, 151475.329)"
"319"	3512.184	"c(190598.403, 131892.096)"
"325"	687.5796	"c(154462.475, 129170.722)"
"327"	76.0708	"c(147126.929, 143256.179)"
"338"	197.4412	"c(167568.927, 150205.223)"
"363"	132.7841	"c(151660.215, 156631.596)"
"377"	218.372	"c(166998.056, 150079.783)"
"383"	85.0875	"c(183770.674, 129199.879)"
"388"	1386.2262	"c(165865.279, 128144.286)"
"398"	659.4226	"c(154137.435, 130769.002)"
"399"	283.7082	"c(187700.984, 134200.334)"
"405"	528.581	"c(178463.733, 141376.825)"
"412"	271.3205	"c(159749.784, 157220.32)"
"413"	289.8024	"c(147500.966, 128637.901)"
"416"	1811.7169	"c(152619.796, 131345.947)"
"430"	5204.7149	"c(172006.115, 156147.225)"
"438"	782.7542	"c(161559.375, 155013.719)"
"441"	952.4164	"c(173054.008, 129835.295)"
"444"	4801.7753	"c(151065.73, 148995.973)"
"448"	407.587	"c(179372.393, 136227.854)"
"457"	194.0989	"c(147496.879, 142353.284)"
"458"	452.2585	"c(164228.88, 153704.616)"
"472"	134.5481	"c(152537.394, 157506.749)"
"487"	4070.9659	"c(167422.233, 154966.555)"
"489"	973.6055	"c(158255.665, 143100.681)"
"496"	499.7437	"c(150345.502, 154008.823)"
"504"	1258.8059	"c(163214.947, 138380.273)"
"511"	681.0638	"c(148245.34, 143835.578)"
"517"	223.6869	"c(154339.418, 128438.918)"
"518"	647.0067	"c(165297.931, 153191.182)"
"524"	147.0341	"c(155674.509, 144434.812)"
"526"	1461.7848	"c(193883.535, 153664.778)"
"532"	661.9365	"c(183640.215, 131038.68)"
"545"	205.1107	"c(164857.59, 129300.293)"
"555"	164.61	"c(146435.48, 147976.06)"
"569"	1544.2116	"c(149916.097, 143158.034)"
"576"	748.3588	"c(167217.24, 141116.518)"
"577"	1968.1228	"c(146126.928, 142923.242)"
"587"	710.1317	"c(164459.209, 152143.937)"
"589"	3647.0087	"c(159878.217, 155910.778)"
"599"	692.1185	"c(182522.488, 140121.108)"
"609"	580.9746	"c(150221.836, 153607.462)"
"615"	1080.0448	"c(169301.509, 153420.825)"
"619"	1008.1019	"c(152209.535, 153907.559)"
"647"	36.3424	"c(158248.701, 157802.374)"
"649"	2384.3946	"c(163892.038, 147835.768)"
"652"	695.2442	"c(163769.611, 151693.753)"
"655"	410.7619	"c(160241.802, 144629.358)"
"657"	270.2548	"c(186280.557, 148788.036)"
"659"	381.4833	"c(159872.485, 155114.6)"
"662"	254.9772	"c(164626.627, 150813.438)"
"663"	278.7008	"c(150479.223, 128666.424)"
"668"	81.3636	"c(155815.283, 144510.572)"
"740"	767.171	"c(149329.312, 135121.789)"
"748"	183.8706	"c(144660.484, 131832.805)"
"752"	949.9183	"c(151788.208, 153857.112)"
"760"	93.8645	"c(147173.147, 142910.458)"
"762"	204.5613	"c(166957.548, 151062.744)"
"763"	509.1136	"c(149864.97, 152074.003)"
"770"	940.9613	"c(149738.935, 155450.594)"
"771"	1014.7166	"c(165355.028, 152767.177)"
"776"	7269.8823	"c(157584.889, 154613.297)"
"787"	1479.7524	"c(151387.007, 156104.739)"
"788"	794.3203	"c(150271.1, 155300.139)"
"790"	230.7554	"c(152627.785, 131003.986)"
"800"	471.4932	"c(147362.551, 128574.197)"
"804"	754.659	"c(148253.525, 151858.624)"
"813"	332.7748	"c(163903.701, 147777.652)"
"816"	5754.6892	"c(162712.399, 154681.411)"
"822"	850.9143	"c(161614.94, 154724.663)"
"833"	978.8331	"c(163118.095, 130774.849)"
"839"	288.508	"c(149360.207, 151928)"
"840"	1635.5886	"c(167551.114, 154475.949)"
"861"	202.0221	"c(150682.908, 153234.023)"
"862"	2225.0834	"c(165699.741, 154004.801)"
"877"	904.3653	"c(148918.959, 155523.551)"
"882"	814.8489	"c(167674.697, 153103.44)"
"893"	757.4291	"c(183737.772, 151988.277)"
"895"	175.0175	"c(147454.177, 142030.795)"
"897"	816.6879	"c(174229.244, 130197.305)"
"903"	639.0038	"c(186738.052, 130529.032)"
"904"	468.3582	"c(148401.499, 128099.354)"
"915"	705.8593	"c(192585.418, 131188.439)"
"923"	352.0324	"c(168378.896, 157632.036)"
"926"	264.8236	"c(154360.648, 128151.585)"
"941"	202.7598	"c(159276.083, 156224.144)"
"944"	1573.4216	"c(179503.637, 155250.43)"
"955"	826.8314	"c(149883.375, 149229.687)"
"956"	1084.0997	"c(174541.859, 163899.813)"
"961"	1118.2426	"c(149815.272, 135684.929)"
"982"	462.0841	"c(162920.002, 132510.33)"
"989"	634.5505	"c(151339.059, 155571.931)"
"1003"	1376.9922	"c(155004.036, 142372.25)"
"1007"	1929.3264	"c(187566.518, 140738.236)"
"1016"	1099.1769	"c(159286.313, 157680.714)"
"1021"	2348.6985	"c(184939.668, 135817.196)"
"1026"	177.4141	"c(183550.256, 128218.975)"
"1028"	1415.7281	"c(151935.636, 156936.329)"
"1033"	199.0374	"c(144635.538, 131911.827)"
"1035"	1348.8583	"c(169006.777, 153234.627)"
"1036"	221.7654	"c(147369.765, 143448.566)"
"1043"	4006.7659	"c(169106.438, 154418.461)"
"1046"	659.5415	"c(151857.779, 153969.461)"
"1075"	564.4205	"c(170391.502, 158509.548)"
"1089"	1018.8815	"c(153941.7, 155123.924)"
"1097"	2053.5484	"c(152427.157, 154232.455)"
"1098"	197.6124	"c(151061.974, 152898.015)"
"1107"	940.3749	"c(181950.334, 128820.94)"
"1116"	214.1667	"c(150435.42, 153796.398)"
"1137"	1199.6672	"c(163179.291, 150227.778)"
"1189"	535.8535	"c(152991.758, 156781.649)"
"1213"	262.3802	"c(151062.979, 151330.499)"
"1218"	1076.6458	"c(178603.34, 163441.821)"
"1225"	2494.2494	"c(164956.72, 151644.851)"
"1237"	617.3063	"c(156172.384, 143493.499)"
"1242"	889.9266	"c(182436.664, 162999.115)"
"1255"	870.5398	"c(151463.704, 153827.369)"
"1274"	816.8579	"c(150516.93, 154711.77)"
"1280"	450.4723	"c(174215.867, 130007.829)"
"1288"	484.1614	"c(185466.666, 156963.063)"
"1305"	1657.331	"c(169450.702, 146236.346)"
"1306"	1252.5295	"c(176499.386, 157927.423)"
"1308"	580.6278	"c(170061.038, 140150.905)"
"1310"	1907.3189	"c(159256.42, 138947.19)"
"1322"	152.5784	"c(184687.155, 128338.368)"
"1324"	1023.4992	"c(158692.181, 157170.244)"
"1358"	1420.8053	"c(179174.629, 130093.505)"
"1369"	579.7259	"c(149940.418, 153965.578)"
"1383"	1057.582	"c(181507.485, 153969.479)"
"1385"	964.5568	"c(182209.389, 159275.446)"
"1403"	1265.3846	"c(162380.68, 137804.059)"
"1425"	2121.7734	"c(177951.017, 147849.942)"
"1426"	55.3516	"c(162660.382, 129938.001)"
"1428"	321.3197	"c(185654.436, 129346.53)"
"1431"	93.3183	"c(155513.784, 144133.575)"
"1438"	1695.3594	"c(185631.593, 133452.409)"
"1443"	246.6616	"c(153942.808, 129077.693)"
"1455"	1336.3372	"c(167175.807, 132279.177)"
"1460"	573.3238	"c(146784.52, 144409.262)"
"1472"	996.4735	"c(161718.851, 155005.374)"
"1488"	1037.1207	"c(166529.582, 136321.099)"
"1498"	973.1219	"c(158099.044, 154428.302)"
"1499"	395.7583	"c(164868.821, 156179.938)"
"1509"	789.5744	"c(158764.663, 155890.079)"
"1512"	2221.0974	"c(179497.026, 161442.426)"
"1516"	9875.9438	"c(158612.685, 153990.918)"
"1518"	521.529	"c(172385.127, 163626.787)"
"1520"	577.8815	"c(188174.213, 138151.997)"
"1558"	1844.8284	"c(155823.73, 152610.028)"
"1577"	419.1733	"c(152654.534, 130331.738)"
"1580"	176.5402	"c(150822.212, 155845.214)"
"1582"	890.0595	"c(154328.78, 130157.796)"
"1588"	828.5408	"c(182166.856, 128838.64)"
"1596"	65.3065	"c(164421.402, 128799.756)"
"1600"	1069.0424	"c(144893.342, 142564.471)"
"1612"	797.4187	"c(182243.711, 157264.802)"
"1614"	843.8945	"c(149251.108, 149992.643)"
"1622"	826.6954	"c(148897.743, 134233.237)"
"1624"	463.2149	"c(163086.98, 150500.057)"
"1625"	482.2262	"c(193625.587, 151588.526)"
"1628"	1011.422	"c(183806.206, 153057.17)"
"1632"	1504.1354	"c(179240.262, 134540.87)"
"1639"	94.2516	"c(185777.038, 157578.528)"
"1648"	496.3544	"c(150770.601, 155527.527)"
"1654"	2491.5803	"c(153933.593, 143855.33)"
"1661"	497.7891	"c(183114.185, 129013.462)"
"1674"	321.716	"c(157846.93, 135228.72)"
"1685"	349.8116	"c(162655.885, 149052.476)"
"1688"	373.0737	"c(169947.47, 128310.917)"
"1693"	1825.3136	"c(191529.199, 142259.888)"
"1714"	1263.199	"c(169969.414, 148453.228)"
"1721"	452.5132	"c(164448.772, 150518.525)"
"1738"	1135.5927	"c(163879.838, 130101.911)"
"1750"	864.9809	"c(150138.585, 155928.874)"
"1763"	730.962	"c(188432, 139087.281)"
"1812"	576.8754	"c(161743.127, 155320.878)"
"1822"	447.7666	"c(150067.496, 135734.749)"
"1835"	243.7827	"c(173002.74, 136006.501)"
"1838"	2305.8039	"c(182345.662, 157848.207)"
"1842"	342.7781	"c(188624.334, 147438.651)"
"1843"	799.2146	"c(163599.982, 154254.633)"
"1854"	1034.4062	"c(157455.132, 157593.946)"
"1858"	428.5158	"c(191736.618, 155028.006)"
"1868"	944.4088	"c(180448.396, 133299.966)"
"1872"	326.4668	"c(165685.553, 129139.27)"
"1879"	638.4654	"c(155065.709, 142238.369)"
"1881"	264.3641	"c(149287.568, 151238.482)"
"1892"	79.4636	"c(145752.924, 152930.056)"
"1897"	1373.8951	"c(188719.57, 147639.503)"
"1931"	379.1214	"c(164398.269, 133596.78)"
"1941"	1036.4588	"c(171830.644, 147619.725)"
"1949"	275.4009	"c(147937.952, 142170.015)"
"1955"	1486.4375	"c(192023.344, 158095.427)"
"1961"	1401.1205	"c(168957.963, 145634.819)"
"1970"	1023.8065	"c(162822.758, 148897.795)"
"1974"	824.7153	"c(169959.286, 129409.666)"
"1994"	1265.729	"c(155830.157, 154117.5)"
"2011"	50.1897	"c(150179.036, 153611.581)"
"2023"	858.6151	"c(145772.166, 128959.351)"
"2035"	418.2924	"c(147500.786, 142346.824)"
"2039"	2407.4025	"c(156826.46, 146709.282)"
"2058"	1837.0625	"c(185227.784, 129773.657)"
"2059"	1195.2485	"c(173521.308, 129452.178)"
"2071"	1078.7785	"c(186872.245, 149146.81)"
"2080"	103.0776	"c(164149.158, 150892.027)"
"2090"	3357.0454	"c(147057.425, 136591.186)"
"2106"	193.4338	"c(184332.797, 129222.142)"
"2123"	885.6132	"c(176072.806, 130045.429)"
"2128"	1712.6858	"c(172973.864, 154606.77)"
"2133"	173.1979	"c(162064.921, 137149.407)"
"2146"	1182.5563	"c(151850.274, 153357.437)"
"2152"	1054.7816	"c(172551.377, 148211.687)"
"2155"	4474.6995	"c(174436.054, 129045.292)"
"2162"	397.5981	"c(154242.188, 128913.487)"
"2173"	804.3594	"c(151729.31, 153353.786)"
"2175"	4539.8611	"c(155794.206, 152779.228)"
"2180"	391.311	"c(177273.108, 130548.988)"
"2182"	1561.0776	"c(181826.055, 128128.533)"
"2183"	797.1594	"c(172016.522, 163795.872)"
"2185"	1266.0469	"c(145198.969, 152088.01)"
"2201"	166.3736	"c(151000.952, 153102.91)"
"2202"	244.8855	"c(149414.609, 151779.315)"
"2211"	802.4273	"c(153727.777, 154950.068)"
"2213"	756.1682	"c(180823.349, 129353.023)"
"2223"	713.3552	"c(175126.054, 144642.003)"
"2227"	287.0609	"c(168353.376, 156004.145)"
"2236"	351.9813	"c(147555.525, 143066.407)"
"2241"	203.3326	"c(151196.465, 151836.202)"
"2253"	952.4164	"c(173054.008, 129835.295)"
"2277"	504.0437	"c(153535.043, 128136.367)"
"2288"	1258.6504	"c(172076.702, 142420.593)"
"2289"	793.1817	"c(151179.912, 132150.951)"
"2305"	479.4705	"c(158856.146, 156204.735)"
"2317"	1038.8736	"c(159843.82, 144687.968)"
"2319"	838.6109	"c(151564.317, 155282.435)"
"2341"	243.5132	"c(159126.434, 138807.412)"
"2348"	1057.8788	"c(158826.835, 160057.731)"
"2355"	1267.5483	"c(173268.339, 161022.981)"
"2357"	865.8226	"c(153779.165, 154317.447)"
"2361"	257.1919	"c(164312.972, 151625.297)"
"2375"	1092.2661	"c(169682.998, 136264.837)"
"2380"	641.5635	"c(160343.129, 143796.36)"
"2389"	838.8873	"c(183796.761, 130473.195)"
"2401"	1289.7369	"c(162404.166, 133952.106)"
"2406"	2955.3854	"c(156971.321, 156008.769)"
"2414"	1060.5125	"c(192485.953, 131024.648)"
"2440"	699.646	"c(168518.149, 155437.331)"
"2451"	1153.0239	"c(174481.981, 139670.739)"
"2459"	890.9985	"c(152378.629, 152913.255)"
"2485"	1441.082	"c(163951.697, 147987.984)"
"2488"	125.7034	"c(194051.431, 161903.999)"
"2502"	1906.5891	"c(189732.223, 136686.665)"
"2509"	487.7857	"c(174618.214, 140583.085)"
"2516"	1396.5317	"c(185950.99, 133842.965)"
"2525"	3345.7191	"c(173529.574, 140041.726)"
"2530"	292.5258	"c(167692.368, 150326.239)"
"2534"	1014.4687	"c(182374.221, 140168.361)"
"2542"	622.1359	"c(186870.011, 131319.924)"
"2545"	533.3278	"c(185148.373, 129481.651)"
"2546"	689.2271	"c(163533.182, 149458.103)"
"2555"	191.8258	"c(149289.622, 152300.166)"
"2560"	382.2461	"c(187917.959, 142646.201)"
"2567"	690.9708	"c(168749.259, 152935.409)"
"2571"	193.5587	"c(163589.944, 151870.078)"
"2572"	638.3366	"c(158622.589, 140158.753)"
"2573"	6104.2871	"c(157261.581, 132876.38)"
"2574"	1959.4532	"c(158821.137, 154954.674)"
"2576"	1678.3222	"c(152788.317, 144553.148)"
"2577"	2134.2869	"c(169946.549, 134208.804)"
"2585"	1909.6229	"c(170673.911, 128918.473)"
"2587"	5023.3472	"c(175158.793, 137600.645)"
"2593"	135.0118	"c(172554.196, 139710.462)"
"2600"	2384.9562	"c(176909.181, 130526.68)"
"2601"	780.2935	"c(168476.213, 155855.382)"
"2611"	1611.9269	"c(166075.899, 148528.013)"
"2612"	1205.4091	"c(152242.054, 156831.689)"
"2615"	316.5938	"c(149281.419, 152365.643)"
"2617"	1876.4063	"c(165150.768, 152695.566)"
"2619"	893.3155	"c(168224.157, 147465.993)"
"2625"	976.1863	"c(171922.61, 163420.338)"
"2630"	1168.2829	"c(161018.555, 140343.159)"
"2653"	410.7991	"c(152628.294, 156711.773)"
"2655"	528.5258	"c(151098.698, 155288.546)"
"2662"	1694.2311	"c(155339.755, 136614.145)"
"2669"	14376.0927	"c(155825.532, 155149.169)"
"2673"	2300.6756	"c(172165.759, 157994.068)"
"2679"	167.765	"c(146895.473, 142889.095)"
"2710"	453.609	"c(150008.854, 151418.833)"
"2721"	1262.0323	"c(147845.964, 141959.78)"
"2723"	606.1604	"c(170727.398, 158059.518)"
"2725"	1165.7777	"c(145387.86, 153428.7)"
"2744"	531.476	"c(146379.63, 147917.057)"
"2762"	500.6815	"c(145496.029, 153098.431)"
"2769"	537.01	"c(171239.823, 131364.87)"
"2771"	365.4356	"c(180351.795, 129275.709)"
"2778"	1970.6766	"c(166810.28, 139952.191)"
"2780"	739.0266	"c(152846.8, 155970.9)"
"2783"	456.8564	"c(172441.158, 138923.228)"
"2797"	161.0026	"c(157959.023, 135559.819)"
"2798"	744.9222	"c(151693.721, 128945.772)"
"2800"	419.4471	"c(151994.081, 156021.781)"
"2816"	413.9404	"c(183201.681, 129475.325)"
"2825"	525.2833	"c(146898.32, 130545.93)"
"2828"	493.2425	"c(188646.5, 143884.559)"
"2833"	1494.1155	"c(171430.902, 142514.524)"
"2840"	418.2203	"c(150578.352, 151481.548)"
"2857"	551.1122	"c(179326.156, 146396.965)"
"2865"	649.9503	"c(152642.016, 155958.922)"
"2871"	1814.9622	"c(153146.261, 136581.515)"
"2879"	321.5735	"c(151777.752, 153659.905)"
"2884"	660.4209	"c(173192.92, 128521.94)"
"2894"	508.0337	"c(189503.707, 128440.454)"
"179"	2635.4533	"c(212565.064, 53028.383)"
"302"	829.9695	"c(213911.226, 61270.64)"
"379"	295.1307	"c(207952.073, 64347.742)"
"401"	703.4819	"c(235086.323, 66894.622)"
"470"	527.4485	"c(219894.738, 58356.606)"
"537"	503.5924	"c(212349.982, 45153.288)"
"546"	1251.7702	"c(218237.278, 42978.536)"
"561"	4105.8047	"c(210396.606, 55218.602)"
"908"	932.8914	"c(215260.794, 60486.898)"
"1114"	2806.3358	"c(205391.94, 66042.846)"
"1182"	570.5026	"c(212407.701, 52213.5)"
"1598"	472.3155	"c(204136.564, 69505.503)"
"1617"	1442.2034	"c(209227.812, 44201.266)"
"1846"	370.397	"c(204708.432, 65931.386)"
"1877"	1193.7297	"c(212956.472, 60490.898)"
"2082"	342.0894	"c(227822.773, 60857.023)"
"2285"	867.3117	"c(214608.79, 60959.037)"
"2334"	217.9701	"c(214353.382, 60466.328)"
"2379"	2024.5479	"c(207451.881, 43329.689)"
"2381"	1843.9612	"c(210570.931, 65471.85)"
"2408"	1103.9564	"c(213909.64, 60620.995)"
"2443"	1444.0567	"c(214737.347, 61220.276)"
"2605"	1360.1333	"c(227662.185, 59702.916)"
"2645"	2744.4882	"c(207606.004, 72629.458)"
"2839"	904.1532	"c(230907.218, 63446.228)"
"86"	916.5113	"c(228833.098, 119397.825)"
"187"	276.594	"c(225837.178, 117794.645)"
"190"	1950.5375	"c(213033.311, 126174.641)"
"201"	1127.9744	"c(221913.687, 101308.617)"
"266"	1057.6202	"c(215709.792, 95565.514)"
"318"	1982.9566	"c(206712.452, 127229.318)"
"321"	1021.0357	"c(233261.824, 99438.364)"
"346"	144.1379	"c(202061.709, 109528.501)"
"367"	1625.2207	"c(229447.282, 115823.263)"
"403"	749.6817	"c(235039.093, 115521.884)"
"515"	219.6896	"c(199801.159, 122597.664)"
"588"	1310.3001	"c(202835.621, 127891.921)"
"640"	2943.6328	"c(231808.607, 112015.062)"
"687"	674.4907	"c(202497.762, 109057.186)"
"850"	1178.7655	"c(232408.411, 122284.933)"
"883"	502.1283	"c(231816.329, 112074.538)"
"899"	1278.0716	"c(237988.57, 126080.238)"
"911"	383.8545	"c(197972.604, 85804.63)"
"914"	2191.9328	"c(233261.536, 100899.173)"
"931"	565.224	"c(229948.104, 115813.1)"
"1019"	6190.9827	"c(206128.193, 97455.83)"
"1122"	558.6009	"c(238081.495, 121808.328)"
"1195"	249.3407	"c(199890.677, 86305.501)"
"1251"	1077.1139	"c(196457.71, 116513.891)"
"1257"	344.8333	"c(201805.891, 109518.225)"
"1313"	12125.8332	"c(218533.083, 102384.695)"
"1360"	129.2417	"c(195886.069, 97317.843)"
"1387"	816.4092	"c(239345.473, 91228.043)"
"1394"	917.3954	"c(202504.73, 110094.811)"
"1445"	235.2059	"c(197564.988, 121125.259)"
"1470"	512.609	"c(238911.44, 121875.012)"
"1573"	2213.0714	"c(196082.476, 116228.998)"
"1677"	485.4724	"c(202027, 108914.133)"
"1732"	3131.8403	"c(219024.379, 100591.735)"
"1797"	1496.3664	"c(196153.809, 87446.069)"
"1847"	1437.7329	"c(202667.043, 93620.865)"
"1901"	632.5491	"c(201437.055, 108829.842)"
"1937"	1124.1092	"c(241315.93, 89059.365)"
"2109"	104.9165	"c(228012.032, 117473.179)"
"2184"	364.1859	"c(219795.436, 99792.884)"
"2258"	264.4629	"c(214278.814, 126502.986)"
"2324"	1034.6389	"c(222188.139, 103163.572)"
"2340"	4127.9167	"c(207161.777, 101265.247)"
"2413"	1264.7995	"c(233826.89, 92253.75)"
"2460"	1772.9675	"c(197013.676, 123838.867)"
"2478"	1102.8193	"c(225425.929, 115039.203)"
"2495"	11442.166	"c(225812.006, 117360.38)"
"2538"	2297.7722	"c(243392.404, 120614.265)"
"2550"	6437.3963	"c(204511.669, 125524.086)"
"2595"	987.9747	"c(230087.37, 113335.898)"
"2636"	1897.0433	"c(224242.999, 116409.847)"
"2650"	3416.4398	"c(208275.419, 101216.154)"
"2699"	5169.6081	"c(202859.902, 110075.659)"
"2708"	1296.7817	"c(227999.305, 125780.566)"
"2791"	4058.6183	"c(227864.212, 126456.026)"
"36"	122.5317	"c(231206.91, 144031.22)"
"37"	232.7401	"c(232048.333, 149462.405)"
"42"	166.2485	"c(236758.727, 146833.079)"
"44"	3628.7689	"c(201429.09, 137941.081)"
"45"	3601.1691	"c(231210.569, 131009.113)"
"47"	207.3283	"c(234268.261, 150006.616)"
"53"	1002.9381	"c(202759.532, 145297.611)"
"60"	1713.6924	"c(223261.202, 138801.352)"
"68"	472.9321	"c(239441.425, 156251.11)"
"71"	365.4172	"c(232640.728, 148571.485)"
"73"	245.1917	"c(230715.248, 151926.671)"
"74"	1311.1291	"c(239358.932, 139522.487)"
"84"	1670.1736	"c(232581.554, 136697.226)"
"104"	297.3198	"c(240818.94, 147059.975)"
"113"	174.612	"c(237013.095, 147070.389)"
"117"	82.2706	"c(234255.963, 146986.869)"
"126"	819.0334	"c(228495.266, 137326.738)"
"130"	445.2788	"c(243883.804, 154400.297)"
"132"	316.1983	"c(238621.583, 152427.067)"
"137"	733.2925	"c(229656.935, 149868.083)"
"145"	795.4174	"c(244360.249, 144951.374)"
"161"	171.7074	"c(233910.507, 145623.687)"
"170"	147.4415	"c(234432.622, 147375.998)"
"173"	1035.5764	"c(210815.088, 136493.688)"
"174"	201.3362	"c(233287.407, 148017.45)"
"176"	469.3025	"c(237592.69, 143143.928)"
"206"	931.6571	"c(205013.635, 141653.581)"
"208"	1344.1108	"c(214317.966, 134810.967)"
"209"	175.7576	"c(237485.457, 147102.029)"
"210"	550.4626	"c(241969.494, 147038.089)"
"217"	567.9906	"c(231747.63, 150554.91)"
"250"	380.3716	"c(237709.114, 146928.636)"
"254"	956.0182	"c(230036.423, 147609.64)"
"265"	503.4444	"c(234772.336, 147754.221)"
"270"	513.4453	"c(242697.145, 159761.062)"
"284"	239.4335	"c(235165.834, 143335.837)"
"306"	299.5622	"c(241430.17, 152288.364)"
"308"	121.3186	"c(233112.212, 147113.472)"
"314"	1132.133	"c(232981.598, 140503.348)"
"323"	314.6335	"c(235927.107, 136054.85)"
"329"	163.0592	"c(233185.263, 143873.451)"
"333"	245.764	"c(229675.191, 141559.142)"
"343"	509.5029	"c(242489.055, 148651.09)"
"344"	155.3335	"c(235901.856, 145678.319)"
"345"	137.9541	"c(235219.8, 136669.819)"
"348"	1130.7325	"c(194957.224, 134528.538)"
"350"	175.5038	"c(244045.346, 147015.991)"
"359"	2263.0089	"c(212720.641, 137388.134)"
"362"	514.1069	"c(213866.318, 156037.345)"
"368"	161.9888	"c(236264.371, 145276.646)"
"374"	129.022	"c(198175.196, 150562.091)"
"375"	298.7272	"c(240419.124, 154000.31)"
"384"	585.6863	"c(233143.872, 140499.268)"
"389"	150.4829	"c(237929.627, 147288.727)"
"391"	1092.3677	"c(242883.821, 139585.324)"
"393"	2010.9111	"c(214133.125, 134902.98)"
"394"	100.4883	"c(240681.553, 154503.737)"
"395"	410.1951	"c(223105.535, 142928.965)"
"404"	374.5132	"c(239218.945, 143534.735)"
"407"	1606.7693	"c(223239.865, 139130.054)"
"414"	600.8824	"c(194875.913, 134575.177)"
"433"	293.1752	"c(243979.869, 147097.183)"
"434"	241.1637	"c(242409.89, 156660.907)"
"435"	4795.6613	"c(236398.591, 149321.539)"
"437"	179.58	"c(236786.286, 151658.239)"
"439"	171.6122	"c(239309.962, 148902.017)"
"449"	255.5577	"c(209130.317, 139242.512)"
"460"	159.8709	"c(233986.842, 148705.837)"
"466"	4176.292	"c(203549.879, 153847.764)"
"485"	183.5118	"c(234195.282, 152566.325)"
"488"	74.4973	"c(240471.387, 156302.576)"
"492"	395.5305	"c(244135.476, 159938.966)"
"499"	521.551	"c(228848.768, 142802.469)"
"501"	700.8175	"c(229328.322, 141543.484)"
"507"	483.5828	"c(232382.574, 160645.786)"
"509"	4514.173	"c(237953.145, 143179.507)"
"513"	1098.126	"c(240215.344, 137256.241)"
"519"	303.1536	"c(237778.747, 159610.094)"
"522"	274.3803	"c(243913.113, 154183.733)"
"525"	279.0288	"c(233713.525, 152565.98)"
"527"	650.6996	"c(209245.72, 154514.38)"
"529"	1547.5267	"c(228387.788, 138822.07)"
"533"	1292.9967	"c(243592.237, 146357.283)"
"534"	130.5227	"c(239111.647, 147235.93)"
"535"	519.8034	"c(230329.347, 152493.585)"
"538"	353.4791	"c(243858.81, 159290.593)"
"539"	850.5578	"c(239231.104, 140662.623)"
"543"	292.0014	"c(227051.263, 142298.173)"
"544"	1203.3457	"c(237196.147, 131032.057)"
"550"	69.1616	"c(241791.727, 141610.077)"
"553"	646.4985	"c(235296.749, 136719.012)"
"558"	328.5328	"c(242158.626, 145410.302)"
"559"	1002.869	"c(241701.668, 146451.691)"
"573"	171.5747	"c(230767.46, 151970.009)"
"581"	963.3687	"c(225402.444, 151984.216)"
"593"	843.6196	"c(206433.525, 151199.613)"
"600"	446.627	"c(233636.891, 152753.102)"
"601"	177.889	"c(239406.599, 155933.883)"
"603"	1302.7802	"c(205072.2, 140749.05)"
"605"	281.3323	"c(230838.457, 143466.969)"
"607"	876.0917	"c(230908.31, 148051.779)"
"608"	275.995	"c(237247.528, 147265.629)"
"611"	883.5124	"c(233740.45, 145988.866)"
"617"	353.0801	"c(239145.122, 151091.494)"
"625"	630.6539	"c(233778.073, 145752.059)"
"628"	128.1234	"c(237977.62, 159985.542)"
"629"	1052.8239	"c(230238.672, 148394.46)"
"630"	188.9765	"c(240447.755, 149059.027)"
"634"	91.3574	"c(236528.831, 147787.556)"
"638"	561.2845	"c(238030.427, 159642.832)"
"641"	195.279	"c(232594.046, 147475.743)"
"642"	1236.4182	"c(242784.338, 144684.74)"
"644"	193.034	"c(238899.253, 151624.156)"
"648"	1781.7977	"c(242771.337, 135593.334)"
"650"	2972.2511	"c(195200.095, 145970.403)"
"651"	1124.4844	"c(214888.904, 141903.802)"
"658"	370.4026	"c(237636.712, 143507.627)"
"673"	208.1599	"c(236909.215, 150084.661)"
"680"	3266.2643	"c(238989.173, 146859.558)"
"681"	82.4842	"c(229286.543, 137753.344)"
"686"	1275.2005	"c(195658.5, 143622.159)"
"690"	345.8536	"c(212909.15, 154241.238)"
"693"	157.4389	"c(237278.691, 146316.325)"
"699"	182.2339	"c(229304.027, 147190.258)"
"700"	673.0155	"c(232956.929, 148338.17)"
"701"	221.436	"c(235535.239, 151906.75)"
"710"	575.8307	"c(241329.766, 135110.424)"
"720"	3309.4154	"c(222800.764, 146822.453)"
"741"	167.1028	"c(233447.055, 148302.676)"
"746"	280.6207	"c(237253.993, 152597.008)"
"758"	651.5242	"c(236211.936, 138776.924)"
"759"	1654.9698	"c(223475.289, 145983.011)"
"778"	893.1682	"c(196696.743, 130740.628)"
"789"	87.0452	"c(231588.253, 147635.674)"
"811"	138.8833	"c(236080.239, 147810.196)"
"814"	419.1849	"c(231220.856, 157666.658)"
"829"	1030.9617	"c(236065.034, 137232.784)"
"831"	607.5411	"c(201026.684, 131063.872)"
"834"	204.0107	"c(237756.409, 146953.986)"
"836"	319.9012	"c(211832.002, 153860.367)"
"846"	242.5445	"c(237359.998, 152432.251)"
"847"	453.7909	"c(239824.597, 153840.004)"
"848"	1823.2669	"c(240532.557, 148358.332)"
"849"	1095.3815	"c(234086.253, 150011.393)"
"851"	1198.5048	"c(241441.405, 146214.16)"
"854"	144.0679	"c(233857.245, 147341.099)"
"857"	275.3861	"c(234301.303, 150304.498)"
"858"	430.0404	"c(240381.873, 148433.346)"
"874"	288.3467	"c(239869.662, 156047.127)"
"900"	371.5336	"c(234910.561, 148297.42)"
"907"	365.5059	"c(234735.273, 150126.848)"
"920"	102.2749	"c(232998.762, 143723.247)"
"924"	338.0539	"c(236678.104, 152098.339)"
"925"	822.6028	"c(197667.24, 131647.22)"
"928"	518.9361	"c(232491.213, 147108.187)"
"929"	732.1084	"c(229625.682, 147195.065)"
"936"	822.0689	"c(244302.523, 156950.953)"
"937"	308.8432	"c(220769.427, 142364.228)"
"938"	435.9144	"c(236292.499, 146312.809)"
"940"	293.9326	"c(242262.681, 156808.711)"
"942"	2059.352	"c(203557.407, 137812.367)"
"943"	133.3301	"c(228321.872, 145574.776)"
"949"	185.4068	"c(231623.658, 152990.805)"
"953"	608.1688	"c(229914.091, 146424.639)"
"954"	134.0616	"c(199880.154, 151322.81)"
"962"	215.3321	"c(236230.724, 146577.298)"
"964"	154.688	"c(237680.647, 161440.717)"
"970"	2294.0177	"c(225794.053, 155066.195)"
"971"	1235.2562	"c(211941.142, 149824.853)"
"972"	929.6477	"c(242998.776, 159040.245)"
"973"	531.7916	"c(239648.301, 156545.749)"
"979"	1449.6619	"c(234830.888, 131259.095)"
"996"	91.149	"c(228830.022, 146497.208)"
"1000"	315.6448	"c(233490.819, 149343.431)"
"1004"	383.4144	"c(232954.102, 152893.833)"
"1008"	1704.5207	"c(236887.151, 143619.396)"
"1009"	173.9983	"c(230058.493, 142750.954)"
"1041"	1393.6588	"c(213311.858, 145552.503)"
"1047"	608.0224	"c(242619.17, 139839.309)"
"1057"	1024.9781	"c(215217.898, 130359.378)"
"1062"	981.1765	"c(202510.873, 146909.905)"
"1064"	131.9498	"c(233820.492, 149298.77)"
"1065"	899.4536	"c(211673.332, 135199.648)"
"1067"	662.4386	"c(226908.707, 152822.429)"
"1070"	370.2929	"c(231636.752, 150458.548)"
"1072"	341.385	"c(235314.942, 147598.933)"
"1076"	2506.1574	"c(214334.796, 155975.637)"
"1077"	544.8539	"c(198324.764, 130410.327)"
"1081"	1225.1576	"c(241204.903, 135112.566)"
"1084"	1422.0566	"c(203625.786, 136018.902)"
"1087"	952.7535	"c(226596.625, 128817.422)"
"1111"	1000.8577	"c(208647.416, 150296.424)"
"1115"	723.1581	"c(242576.206, 150614.968)"
"1120"	1044.3668	"c(239850.498, 137027.2)"
"1126"	461.4273	"c(242902.189, 160104.448)"
"1135"	56.0979	"c(240817.462, 146693.736)"
"1148"	124.8491	"c(233936.539, 149512.667)"
"1164"	486.2212	"c(239442.72, 155950.423)"
"1183"	487.4909	"c(243851.816, 154105.132)"
"1186"	348.3414	"c(243995.024, 146947.237)"
"1187"	860.1808	"c(235837.494, 134020.841)"
"1207"	173.9983	"c(230058.493, 142750.954)"
"1214"	278.8411	"c(238588.803, 148085.633)"
"1216"	264.0994	"c(230785.686, 151181.235)"
"1228"	367.4589	"c(241950.702, 145326.606)"
"1231"	150.2739	"c(237665.972, 145962.717)"
"1236"	354.033	"c(239143.826, 147359.609)"
"1260"	727.0094	"c(242421.427, 145123.66)"
"1270"	616.8436	"c(232830.683, 140861.324)"
"1285"	120.0678	"c(230895.817, 144617.915)"
"1286"	513.1447	"c(207073.338, 144693.532)"
"1287"	217.1137	"c(231112.08, 149196.873)"
"1293"	823.4487	"c(221684.1, 144632.858)"
"1299"	1022.0444	"c(198552.211, 134910.421)"
"1302"	613.5873	"c(220405.882, 140869.698)"
"1303"	124.5124	"c(241426.176, 145364.135)"
"1304"	429.7742	"c(216633.113, 138319.106)"
"1316"	1951.4187	"c(229300.828, 141784.712)"
"1323"	152.4019	"c(231222.89, 150629.547)"
"1329"	79.3958	"c(233581.609, 148224.911)"
"1337"	835.2667	"c(235993.923, 147552.088)"
"1352"	244.2203	"c(212119.873, 135450.948)"
"1357"	131.421	"c(238539.178, 151630.114)"
"1362"	186.6691	"c(238527.228, 145723.891)"
"1364"	185.9937	"c(233975.612, 144935.789)"
"1373"	145.2906	"c(228856.577, 144231.975)"
"1381"	88.2434	"c(230640.959, 142915.966)"
"1390"	106.9807	"c(237321.908, 148045.475)"
"1408"	94.7658	"c(210980.295, 135466.044)"
"1409"	1015.1204	"c(222778.87, 144165.094)"
"1415"	302.3372	"c(231135.069, 142045.51)"
"1432"	84.8996	"c(241507.516, 148629.221)"
"1433"	178.3062	"c(235555.044, 151786.826)"
"1439"	130.2066	"c(239864.577, 153450.784)"
"1441"	193.0803	"c(230078.552, 142054.896)"
"1447"	730.5979	"c(232560.547, 148817.881)"
"1453"	811.0234	"c(207275.971, 143819.317)"
"1467"	121.2656	"c(236835.533, 153395.397)"
"1469"	238.7601	"c(240424.263, 154298.158)"
"1471"	454.067	"c(244405.398, 159347.923)"
"1474"	631.1097	"c(227055.889, 144283.512)"
"1475"	747.6331	"c(240509.287, 148450.464)"
"1480"	1388.8123	"c(233749.455, 150049.413)"
"1487"	609.4587	"c(226415.006, 146582.371)"
"1513"	2629.0383	"c(220263.177, 146104.127)"
"1522"	141.0268	"c(231040.169, 142423.741)"
"1525"	1062.1205	"c(218893.51, 158130.09)"
"1536"	572.4916	"c(223062.811, 138034.413)"
"1547"	566.4681	"c(239014.355, 146572.701)"
"1568"	8537.3649	"c(197283.656, 131005.818)"
"1581"	669.2185	"c(233128.371, 152080.371)"
"1595"	302.2145	"c(239460.981, 143741.655)"
"1601"	877.489	"c(242230.447, 144766.183)"
"1608"	361.0599	"c(231687.442, 143906.111)"
"1611"	352.3503	"c(242308.774, 147955.246)"
"1613"	1039.8315	"c(235421.067, 147621.037)"
"1633"	781.737	"c(234081.197, 154004.118)"
"1638"	260.1056	"c(236421.245, 146378.718)"
"1646"	152.2203	"c(238667.061, 145329.933)"
"1650"	12226.0515	"c(235799.448, 147731.748)"
"1658"	1262.878	"c(239903.105, 136945.05)"
"1659"	398.7351	"c(241350.725, 151850.735)"
"1662"	552.9309	"c(197993.902, 131797.463)"
"1665"	706.0108	"c(216428.616, 138643.515)"
"1679"	202.3644	"c(195055.661, 132482.249)"
"1680"	164.3439	"c(223434.279, 143833.904)"
"1682"	930.3099	"c(236615.732, 141204.077)"
"1689"	29.6032	"c(240228.233, 154533.08)"
"1697"	87.3613	"c(237073.76, 148521.893)"
"1700"	867.0004	"c(229507.593, 143779.218)"
"1707"	4123.9813	"c(201441.408, 145625.693)"
"1712"	2189.2566	"c(229233.426, 143407.664)"
"1713"	912.4021	"c(238302.077, 140163.851)"
"1717"	326.4243	"c(233257.34, 142003.133)"
"1724"	840.4321	"c(227511.678, 138665.362)"
"1728"	1823.3191	"c(205012.652, 130764.143)"
"1730"	755.4959	"c(233993.403, 148770.168)"
"1735"	123.855	"c(235863.922, 146723.541)"
"1741"	266.469	"c(235597.565, 152313.33)"
"1742"	4792.0684	"c(203408.738, 154587.378)"
"1746"	232.837	"c(238234.516, 146992.413)"
"1747"	1177.5507	"c(227156.344, 138235.584)"
"1752"	267.714	"c(233445.049, 148791.463)"
"1755"	786.4672	"c(243419.5, 150862.777)"
"1758"	563.7156	"c(240444.189, 156118.083)"
"1761"	1648.298	"c(198587.453, 150305.697)"
"1767"	584.5198	"c(234523.74, 149615.144)"
"1770"	1041.4274	"c(216299.359, 140476.485)"
"1776"	1132.133	"c(232981.598, 140503.348)"
"1777"	162.4412	"c(226423.442, 129133.665)"
"1778"	599.6229	"c(216463.893, 138195.706)"
"1789"	233.9049	"c(231170.665, 143451.368)"
"1804"	78.3263	"c(236153.98, 148646.397)"
"1805"	774.9268	"c(244156.628, 156840.522)"
"1820"	183.5537	"c(233282.07, 143993.05)"
"1825"	103.4684	"c(234739.497, 142900.905)"
"1827"	2178.8045	"c(234839.269, 138990.19)"
"1851"	1129.5383	"c(207287.219, 150131.712)"
"1853"	1228.6627	"c(200231.107, 132083.093)"
"1862"	108.2431	"c(234715.071, 146899.148)"
"1867"	455.0931	"c(239473.855, 152298.614)"
"1873"	819.0475	"c(242035.274, 129949.833)"
"1880"	933.5615	"c(217291.502, 153090.656)"
"1887"	202.242	"c(234846.443, 150617.628)"
"1888"	469.0521	"c(232949.351, 142313.697)"
"1893"	877.2149	"c(217779.522, 137692.926)"
"1894"	197.8782	"c(233245.99, 141675.951)"
"1907"	205.2624	"c(230663.93, 152603.138)"
"1910"	53.6727	"c(236920.508, 148220.397)"
"1911"	1142.7922	"c(227838.464, 151436.477)"
"1915"	180.9576	"c(228803.578, 145725.881)"
"1951"	834.0381	"c(233197.957, 140547.933)"
"1963"	930.0488	"c(196461.538, 155659.204)"
"1969"	1086.2567	"c(216020.421, 130606.996)"
"2041"	347.234	"c(236357.7, 146234.793)"
"2073"	340.7557	"c(241884.65, 147524.507)"
"2085"	845.3643	"c(211029.956, 143233.73)"
"2091"	4655.0132	"c(237948.849, 143344.749)"
"2097"	295.664	"c(242444.679, 152964.478)"
"2111"	520.512	"c(237549.316, 152092.167)"
"2142"	233.8838	"c(223310.093, 141752.495)"
"2156"	423.1214	"c(242718.531, 146362.404)"
"2164"	492.7019	"c(199856.602, 154161.62)"
"2165"	198.0436	"c(233597.981, 149104.293)"
"2166"	1307.002	"c(200963.407, 132587.002)"
"2169"	596.9733	"c(214001.449, 148522.942)"
"2170"	37.639	"c(237001.323, 148891.223)"
"2174"	1099.5132	"c(232842.093, 140754.768)"
"2176"	1657.1931	"c(209587.826, 156773.401)"
"2191"	651.2452	"c(232998.554, 152230.517)"
"2205"	2527.3287	"c(212131.652, 154402.564)"
"2212"	582.1893	"c(236446.045, 150040.402)"
"2220"	1223.183	"c(199285.737, 141171.828)"
"2247"	120.3295	"c(236433.618, 146603.633)"
"2252"	1121.3613	"c(200494.619, 130862.147)"
"2254"	860.3975	"c(212563.568, 134936.09)"
"2261"	88.455	"c(236939.744, 149018.643)"
"2267"	893.3357	"c(213884.531, 132764.61)"
"2284"	417.4021	"c(201231.38, 132627.577)"
"2294"	1575.3309	"c(239718.809, 155292.735)"
"2308"	1002.7944	"c(238842.047, 139878.232)"
"2311"	279.1665	"c(226292.83, 143939.758)"
"2315"	1118.6317	"c(224775.398, 145348.514)"
"2354"	207.5059	"c(236929.92, 146329.094)"
"2370"	199.7413	"c(235135.043, 146506.895)"
"2377"	545.0374	"c(212878.695, 128713.343)"
"2378"	1811.4185	"c(223105.288, 143273.725)"
"2385"	922.2916	"c(200220.606, 130352.112)"
"2388"	441.8483	"c(210646.025, 134464.124)"
"2392"	167.4582	"c(232890.249, 143623.979)"
"2393"	227.9177	"c(230103.557, 147520.913)"
"2397"	335.5596	"c(241639.058, 145111.888)"
"2405"	283.9544	"c(238260.349, 150754.35)"
"2416"	109.291	"c(239173.379, 152255.611)"
"2417"	1389.9677	"c(198490.089, 130352.265)"
"2420"	62.7582	"c(243002.443, 156261.788)"
"2423"	220.3465	"c(239596.683, 158191.2)"
"2428"	181.4303	"c(199260.09, 150109.186)"
"2429"	665.1895	"c(234504.42, 143101.363)"
"2431"	404.2533	"c(221800.792, 144493.828)"
"2439"	385.726	"c(201530.888, 131846.388)"
"2470"	295.5328	"c(243119.817, 166972.582)"
"2477"	2264.0501	"c(197219.862, 156180.774)"
"2480"	505.5993	"c(240667.46, 155702.721)"
"2490"	696.5118	"c(240074.292, 147021.763)"
"2491"	88.2135	"c(244315.569, 159753.015)"
"2494"	275.6843	"c(236055.081, 147090.718)"
"2496"	1582.5779	"c(232047.095, 146783.914)"
"2499"	546.57	"c(231951.249, 131082.249)"
"2522"	1363.7998	"c(200427.223, 151716.505)"
"2527"	479.4463	"c(233662.377, 146698.666)"
"2531"	183.8419	"c(222073.38, 143036.712)"
"2532"	4901.2342	"c(202714.021, 144782.521)"
"2535"	1369.8295	"c(236949.117, 129657.897)"
"2536"	384.7803	"c(233020.426, 147427.171)"
"2544"	1339.1726	"c(232345.512, 140769.309)"
"2548"	362.7746	"c(229600.135, 142554.236)"
"2553"	549.5684	"c(218078.477, 138082.86)"
"2557"	95.4113	"c(236673.587, 149085.801)"
"2562"	454.0981	"c(240020.782, 155227.74)"
"2592"	78.3321	"c(236147.613, 149216.845)"
"2597"	1199.2787	"c(232351.4, 136856.559)"
"2598"	1201.1597	"c(229541.503, 152118.884)"
"2599"	512.9562	"c(240101.525, 147211.491)"
"2602"	789.876	"c(212544, 155277.402)"
"2610"	783.1093	"c(235086.099, 161075.047)"
"2623"	74.6698	"c(236675.099, 146794.862)"
"2629"	193.4432	"c(237596.596, 147100.34)"
"2642"	2241.5065	"c(220159.407, 143941.905)"
"2643"	884.8285	"c(244321.197, 146446.06)"
"2644"	434.8226	"c(229701.791, 143443.356)"
"2648"	200.3515	"c(230678.243, 142059.53)"
"2656"	964.0023	"c(210978.82, 130228.584)"
"2664"	2990.7752	"c(244177.99, 128745.961)"
"2667"	361.9473	"c(236731.883, 149422.448)"
"2675"	202.1723	"c(242745.606, 148384.123)"
"2686"	1874.0528	"c(236769.654, 137304.533)"
"2694"	217.8338	"c(226057.937, 143984.708)"
"2695"	612.2625	"c(243921.681, 158356.017)"
"2706"	515.3702	"c(233234.877, 152666.645)"
"2711"	327.8378	"c(218620.886, 157268.672)"
"2716"	1043.2944	"c(241716.216, 128874.371)"
"2730"	101.7512	"c(212240.18, 153927.043)"
"2740"	234.1664	"c(236784.077, 141049.994)"
"2743"	349.9734	"c(220526.763, 138968.295)"
"2750"	3033.7445	"c(235381.115, 160733.028)"
"2752"	1025.7445	"c(222492.528, 157076.462)"
"2766"	285.8161	"c(229651.413, 142988.955)"
"2768"	215.4227	"c(233962.448, 146312.785)"
"2774"	301.259	"c(231888.688, 143591.309)"
"2775"	278.6225	"c(231250.542, 142603.709)"
"2776"	69.3183	"c(242723.091, 148353.499)"
"2782"	690.6369	"c(194888.188, 132767.774)"
"2793"	619.3772	"c(230290.755, 146456.961)"
"2796"	667.934	"c(241873.198, 150742.772)"
"2809"	507.943	"c(234813.746, 147065.1)"
"2820"	880.6747	"c(224937.598, 149381.94)"
"2822"	475.3023	"c(239049.137, 147533.867)"
"2824"	146.5675	"c(231600.265, 146043.681)"
"2866"	458.0971	"c(231054.315, 146804.841)"
"2867"	77.0798	"c(243049.48, 162770.731)"
"2875"	254.9094	"c(238928.875, 152863.035)"
"2898"	979.4843	"c(220557.642, 138602.735)"
"2911"	509.1049	"c(225971.253, 149753.595)"
"75"	204.6633	"c(253448.695, 42984.06)"
"154"	1572.637	"c(251778.573, 38810.898)"
"215"	145.3927	"c(253740.27, 42177.655)"
"301"	222.498	"c(253717.209, 42179.921)"
"315"	310.3987	"c(255146.438, 44126.853)"
"316"	160.0292	"c(254205.377, 41936.779)"
"356"	1392.8465	"c(251322.027, 42995.422)"
"406"	210.5041	"c(246306.394, 77281.697)"
"447"	1360.631	"c(248978.92, 28856.909)"
"471"	2114.1411	"c(250374.295, 28083.741)"
"497"	688.2901	"c(253270.765, 28818.8)"
"502"	360.0681	"c(255014.287, 42289.289)"
"530"	1347.7807	"c(249140.356, 28692.883)"
"540"	888.9449	"c(253399.514, 28291.27)"
"541"	867.8663	"c(254758.077, 39542.417)"
"542"	349.743	"c(248004.058, 32231.004)"
"597"	3246.9489	"c(250950.53, 42591.496)"
"838"	286.232	"c(254700.641, 42571.989)"
"852"	1291.8691	"c(249603.196, 28808.933)"
"910"	481.1258	"c(250701.262, 30913.103)"
"969"	496.8873	"c(252399.664, 34312.397)"
"1131"	600.6355	"c(253366.232, 36811.41)"
"1252"	2549.6025	"c(256991.072, 30606.051)"
"1278"	182.6959	"c(254143.295, 42370.467)"
"1309"	381.6849	"c(256976.183, 30147.271)"
"1311"	68.9351	"c(253347.325, 42752.693)"
"1363"	3004.3024	"c(248874.668, 70323.762)"
"1374"	403.119	"c(253420.573, 42953.546)"
"1544"	1362.366	"c(255126.42, 44132.959)"
"1593"	746.1505	"c(254804.379, 29263.083)"
"1605"	385.0362	"c(255883.908, 29540.506)"
"1623"	156.5424	"c(255969.159, 29965.22)"
"1681"	439.1848	"c(256748.407, 29794.602)"
"1726"	304.1663	"c(253785.75, 43115.63)"
"1748"	1337.4502	"c(252025.975, 29705.193)"
"1860"	275.4106	"c(254581.027, 43641.76)"
"1925"	320.6568	"c(255133.675, 32375.743)"
"2148"	1628.9894	"c(255210.921, 43468.305)"
"2291"	1153.4696	"c(256551.648, 41689.256)"
"2479"	588.237	"c(255384.192, 29757.517)"
"2604"	238.7163	"c(246067.282, 77436.673)"
"2609"	364.3429	"c(253542.015, 43197.8)"
"2713"	1276.265	"c(253215.182, 41574.944)"
"2901"	216.9122	"c(254891.028, 42314.399)"
"46"	248.3777	"c(267873.326, 125076.05)"
"334"	2650.0759	"c(252973.435, 95239.77)"
"436"	1057.7343	"c(261318.226, 110005.965)"
"520"	2404.3085	"c(261374.026, 108863.461)"
"562"	198.5097	"c(263387.28, 112167.632)"
"837"	2968.9137	"c(268361.472, 125216.607)"
"934"	465.3165	"c(252841.382, 107908.612)"
"1091"	149.8544	"c(261150.587, 121188.765)"
"1129"	879.7872	"c(253027.333, 83933.385)"
"1194"	986.8534	"c(245661.349, 78156.895)"
"1198"	562.583	"c(259763.427, 112789.535)"
"1327"	74.5352	"c(267907.66, 125067.322)"
"1361"	3118.5749	"c(251468.54, 109246.388)"
"1386"	321.0592	"c(268744.527, 124953.706)"
"1548"	1589.7482	"c(267124.661, 124578.416)"
"1621"	373.6775	"c(251580.13, 92271.674)"
"2256"	3085.286	"c(260545.671, 107100.578)"
"2533"	244.5242	"c(267672.22, 125018.219)"
"2794"	1196.9277	"c(264799.09, 111666.39)"
"2827"	1595.1817	"c(254974.559, 105265.425)"
"2834"	1081.2809	"c(261384.421, 110029.422)"
"2882"	895.1029	"c(262074.758, 128070.521)"
"56"	68.3352	"c(261408.104, 146654.188)"
"64"	581.2571	"c(258827.72, 143617.956)"
"66"	303.0354	"c(254028.118, 142418.637)"
"90"	164.436	"c(256194.029, 142554.096)"
"118"	1011.3474	"c(259245.593, 151310.096)"
"131"	220.9473	"c(269300.377, 146808.381)"
"171"	960.2395	"c(244630.981, 145497.97)"
"172"	1906.9341	"c(271115.887, 154917.125)"
"178"	69.9898	"c(253926.348, 147798.43)"
"188"	64.4635	"c(256326.872, 132532.065)"
"194"	448.3531	"c(263371.659, 151715.33)"
"205"	279.8104	"c(246851.243, 158255.737)"
"219"	535.0373	"c(266882.819, 147931.136)"
"223"	258.5564	"c(251387.104, 140374.771)"
"226"	1707.3321	"c(254588.632, 155703.069)"
"239"	1235.669	"c(263243.907, 138494.406)"
"281"	1314.2263	"c(254179.576, 143456.094)"
"357"	1117.5672	"c(245120.032, 152600.553)"
"364"	224.3513	"c(264498.786, 160464.796)"
"369"	159.2607	"c(256152.7, 143042.302)"
"397"	309.5964	"c(247394.778, 147570.368)"
"425"	508.913	"c(253240.58, 143200.751)"
"426"	824.5777	"c(256586.56, 140894.535)"
"445"	282.4477	"c(265308.847, 146104.102)"
"465"	174.188	"c(268030.821, 146815.609)"
"469"	797.8331	"c(262149.594, 158496.605)"
"484"	122.906	"c(255884.596, 144398.151)"
"486"	281.0185	"c(244901.509, 153932.766)"
"506"	330.2331	"c(255946.609, 132102.958)"
"521"	971.6529	"c(259835.226, 151986.495)"
"528"	523.3748	"c(246352.66, 145812.401)"
"547"	176.2912	"c(263443.097, 151290.629)"
"564"	143.4197	"c(258030.623, 143272.343)"
"570"	1352.5081	"c(246353.982, 141692.087)"
"604"	1274.327	"c(257106.933, 139459.208)"
"623"	115.2431	"c(255140.036, 143757.295)"
"626"	2121.9929	"c(248841.075, 157348.225)"
"632"	178.8971	"c(247348.128, 147398.891)"
"637"	174.1873	"c(253821.072, 141708.771)"
"639"	213.5824	"c(247003.103, 147460.763)"
"685"	558.4127	"c(259602.629, 158153.128)"
"688"	327.8246	"c(255702.255, 142349.166)"
"751"	789.3206	"c(253288.625, 142951.609)"
"755"	1102.641	"c(268162.488, 146355.031)"
"756"	420.4131	"c(252707.458, 145499.825)"
"761"	999.7962	"c(251648.535, 146735.423)"
"828"	821.7591	"c(257458.694, 145942.534)"
"859"	302.9278	"c(262240.732, 159555.939)"
"860"	1169.085	"c(261786.972, 133819.33)"
"866"	1461.7227	"c(249305.424, 144515.871)"
"871"	178.7955	"c(261323.137, 151616.865)"
"909"	206.6693	"c(261488.91, 146074.128)"
"939"	566.5802	"c(272814.079, 153032.353)"
"951"	503.8358	"c(260858.064, 134914.104)"
"981"	499.3419	"c(256226.327, 147885.329)"
"1014"	110.4985	"c(254873.587, 143975.302)"
"1042"	178.5892	"c(267523.88, 147329.858)"
"1055"	1046.2489	"c(269182.635, 147712.294)"
"1056"	1861.7112	"c(249252.385, 158224.275)"
"1133"	307.9607	"c(247756.503, 156561.935)"
"1146"	642.8852	"c(251277.731, 148773.801)"
"1179"	338.239	"c(262723.679, 159220.36)"
"1219"	526.6075	"c(257301.686, 132703.841)"
"1221"	241.1354	"c(245871.033, 156505.503)"
"1222"	669.9243	"c(245002.505, 153955.812)"
"1275"	1383.8419	"c(245641.903, 129049.907)"
"1295"	596.7078	"c(249384.708, 144221.65)"
"1347"	456.1502	"c(268711.169, 147814.291)"
"1375"	2833.4474	"c(254818.847, 156957.065)"
"1380"	546.4241	"c(265185.688, 146742.842)"
"1391"	164.0188	"c(255037.69, 141486.96)"
"1422"	627.1411	"c(264649.234, 151077.539)"
"1437"	180.5225	"c(255114.122, 142610.796)"
"1477"	215.3805	"c(256180.958, 142721.249)"
"1493"	266.1599	"c(247884.808, 140503.199)"
"1515"	723.094	"c(267810.432, 153788.692)"
"1524"	314.6756	"c(257195.699, 145978.87)"
"1537"	94.5031	"c(250789.053, 148895.338)"
"1543"	187.27	"c(255199.328, 147612.448)"
"1545"	555.8306	"c(257399.052, 146071.585)"
"1552"	141.9713	"c(250922.13, 151974.442)"
"1592"	748.2218	"c(255532.056, 150699.858)"
"1626"	2535.6941	"c(253041.815, 152366.378)"
"1637"	1170.4051	"c(245124.806, 131228.918)"
"1727"	130.2996	"c(261203.795, 146412.662)"
"1760"	1461.5851	"c(248928.661, 146701.256)"
"1771"	928.9632	"c(254782.089, 153261.915)"
"1830"	840.455	"c(267807.729, 148702.354)"
"1870"	230.7768	"c(254633.089, 153151.522)"
"1876"	58.1584	"c(255211.032, 144767.357)"
"1954"	1021.0285	"c(273901.719, 152377.093)"
"1967"	1250.616	"c(248989.528, 146853.695)"
"1968"	389.0703	"c(258241.664, 140920.873)"
"2008"	196.2382	"c(253655.908, 145191.936)"
"2012"	115.6159	"c(252167.169, 149495.225)"
"2050"	390.1863	"c(264380.775, 160085.321)"
"2086"	538.1459	"c(272710.09, 151843.369)"
"2108"	120.518	"c(246862.078, 148992.204)"
"2138"	511.0088	"c(260966.33, 152738.034)"
"2224"	136.8802	"c(256499.554, 132311.388)"
"2226"	1106.9964	"c(262996.863, 139818.125)"
"2249"	450.1246	"c(247429.512, 147679.552)"
"2266"	125.1648	"c(258468.141, 143514.449)"
"2271"	973.085	"c(254575.49, 141629.992)"
"2280"	1007.6244	"c(244646.645, 138328.109)"
"2353"	889.3581	"c(245805.142, 147694.098)"
"2390"	363.8329	"c(263133.293, 158844.204)"
"2419"	46.0983	"c(247731.123, 156582.429)"
"2463"	887.5917	"c(269850.268, 148019.811)"
"2569"	260.9125	"c(254827.503, 144164.991)"
"2578"	190.6401	"c(245466.226, 156893.877)"
"2606"	881.088	"c(255550.984, 155196.746)"
"2622"	239.3471	"c(250862.536, 146497.188)"
"2624"	500.0899	"c(262058.014, 150751.345)"
"2661"	1864.0836	"c(262294.909, 159830.477)"
"2671"	340.3417	"c(263708.42, 157356.724)"
"2696"	231.9853	"c(244731.82, 159034.974)"
"2700"	904.3233	"c(268533.883, 152779.26)"
"2751"	156.9509	"c(257015.73, 143416.043)"
"2753"	602.3634	"c(266788.026, 147518.081)"
"2815"	715.9502	"c(253956.24, 138370.771)"
"2845"	98.7237	"c(247503.486, 156983.336)"
"2852"	136.2233	"c(251733.808, 145481.79)"
"2858"	873.215	"c(247080.478, 137515.755)"
"2892"	810.0675	"c(263572.041, 155550.617)"
