"id","parcarea","bldarea"
34,1542.9297,128.999063104839
36,122.5317,122.532788281562
37,232.7401,58.4024913359899
39,252.4652,83.8224190688634
42,166.2485,48.9976996440673
44,3628.7689,287.464204558768
45,3601.1691,156.145269182744
46,248.3777,81.2310183462687
47,207.3283,66.154618556262
48,665.3278,168.910541082558
50,1265.5189,180.087916208737
51,302.7415,120.904816256152
53,1002.9381,85.2245692442539
54,1624.6511,171.580981607782
55,413.9449,81.7636206009047
56,68.3352,68.3368881313363
57,196.6446,68.2570867389768
59,108.2019,31.2692099571577
60,1713.6924,102.940928803873
64,581.2571,88.2160183556261
66,303.0354,59.0717140287743
68,472.9321,99.0172642641264
71,365.4172,63.8826824969146
73,245.1917,55.2940858974471
74,1311.1291,142.776803259272
75,204.6633,55.6472702833216
76,1413.176,529.5127806128
79,275.2881,59.3350859148813
80,578.2046,117.464078018325
82,1097.7663,140.26878271425
83,201.4677,90.704686362471
84,1670.1736,162.61156279454
86,916.5113,166.752893685305
87,545.5633,80.9300550809421
89,979.802,136.891400224151
90,164.436,56.6129092881456
94,389.7439,189.450522889034
96,361.1598,196.107406070994
97,363.4734,216.882301718753
100,161.1737,87.3779270152154
101,2083.2696,164.783937495929
102,475.4889,97.1311873510422
103,280.9878,223.526376252528
104,297.3198,59.9354076134332
113,174.612,72.4176422684686
114,721.1739,138.560363113065
116,572.4117,95.3617293105926
117,82.2706,38.6218303751666
118,1011.3474,86.7535540619574
120,72.0262,72.0267772929656
125,170.4852,53.9905180216738
126,819.0334,99.3123939019279
130,445.2788,131.381025867828
131,220.9473,110.922630899993
132,316.1983,76.1626513222582
136,151.3355,90.5444909822545
137,733.2925,243.294321253457
139,340.6494,70.8748139046365
141,228.5259,90.0004594159236
142,240.5815,84.1180457337105
144,374.4928,87.2599895311287
145,795.4174,144.565311410275
146,364.9475,89.2196850363107
148,3782.5168,439.519127094729
149,181.7163,128.477941295598
150,244.1534,244.15786089655
151,32.6689,32.6696141708235
152,1143.3025,93.7502215280547
153,250.5872,86.6213210927017
154,1572.637,255.762814374059
155,221.0249,221.030053402603
157,936.3498,160.321873800945
158,1167.3429,120.610855536564
161,171.7074,49.2803347386653
162,585.5047,111.954727116507
163,1001.8763,99.5680464993929
164,170.6665,80.3903789597389
166,808.6759,105.571626567864
169,15440.5136,0
170,147.4415,67.4246363858983
171,960.2395,147.593602058245
172,1906.9341,347.530344471103
173,1035.5764,137.836825110251
174,201.3362,74.5343366691377
175,86.9821,29.5877179626802
176,469.3025,469.309383655083
177,436.8317,102.080610990815
178,69.9898,41.7568923028884
179,2635.4533,267.734017308263
182,1614.5102,143.949601359207
184,1108.2643,82.9234903106408
185,926.1929,109.117799990243
187,276.594,81.8354619730962
188,64.4635,29.0253876441275
190,1950.5375,81.8361455048434
191,890.573,188.097564604412
192,1576.5617,584.869682673641
194,448.3531,150.4128692144
195,785.4348,158.84581773583
196,44.5387,39.9495026824297
197,181.4127,74.7801667203385
199,3096.4419,128.834995450237
200,200.3825,96.9787456506165
201,1127.9744,189.087751014355
202,670.8049,0
205,279.8104,134.538707667496
206,931.6571,210.582318205728
207,313.3039,76.4318459023198
208,1344.1108,141.152191909304
209,175.7576,78.7652252956759
210,550.4626,126.762516690302
211,147.4757,87.7036368014669
215,145.3927,91.8325947576959
216,1621.9311,97.4655199594199
217,567.9906,114.244692276698
218,613.1323,117.000302036769
219,535.0373,163.52381717955
221,55.5387,55.539510005965
222,1098.4886,213.01380808861
223,258.5564,51.9960150453844
226,1707.3321,106.538612294593
229,1000.2485,171.553991997382
231,966.7987,110.080064099879
232,850.1778,229.682475013426
237,1023.2166,77.6702263032785
238,2297.8167,880.348423505377
239,1235.669,129.770553458977
240,695.5465,139.339240581554
242,314.7033,101.939127001038
244,1584.9286,146.759531080446
245,359.8297,57.0414749598858
250,380.3716,73.5005488531024
252,257.57,57.8825785227236
254,956.0182,432.938493398517
255,1750.6845,164.365204993928
256,312.491,92.2385904609328
257,225.5268,85.3688490440254
258,213.0693,130.875469416438
260,1162.6518,259.37553086345
261,646.2991,161.565481681551
262,1113.7881,110.10610536579
263,215.3126,52.9517221848782
264,204.0967,69.3403832600743
265,503.4444,503.44925450423
266,1057.6202,125.789017247094
268,231.9556,88.3510836173664
269,326.0729,35.7215516792348
270,513.4453,80.3133892296537
271,538.7094,95.4876415027538
277,381.4929,67.7659998720555
279,384.0855,69.63514956375
280,524.1181,141.317971033779
281,1314.2263,147.150226582773
284,239.4335,83.3566303001717
286,236.1567,91.6906960204942
294,210.0084,93.8048412149874
295,302.6512,75.9301292697201
296,186.991,103.555907726797
298,285.1199,83.5873029674403
299,55.4307,41.2999612789135
300,785.5625,216.788666822187
301,222.498,201.714754104789
302,829.9695,138.198743025772
304,225.1172,88.4900922364177
306,299.5622,92.2026374718844
307,857.3201,154.058275935625
308,121.3186,49.824492166983
309,1948.3509,254.520997076062
310,712.8491,476.028077699069
312,498.8272,367.980769128975
314,1132.133,165.573240027123
315,310.3987,121.484901861644
316,160.0292,77.0124674474355
317,455.0278,138.171052390477
318,1982.9566,66.8772846529027
319,3512.184,88.8436551783234
321,1021.0357,63.3393193415832
322,241.0653,73.1084157780278
323,314.6335,64.0404654026916
325,687.5796,385.131264177035
327,76.0708,62.447761646763
328,2865.2127,501.748945926902
329,163.0592,82.3480509362416
331,116.3148,76.1692752798699
332,156.3085,72.8699093290197
333,245.764,90.0841084157582
334,2650.0759,159.059109552119
335,108.0477,68.6344349413412
338,197.4412,92.7741556826513
340,434.0536,137.782878505117
341,248.9389,48.9529128110153
342,137.4864,96.403013168514
343,509.5029,73.8590204810316
344,155.3335,40.1440847719787
345,137.9541,33.6170849934279
346,144.1379,144.139293623739
348,1130.7325,200.2187314271
350,175.5038,64.4757620100863
351,154.1581,154.160339420836
352,308.9084,89.9629797558737
353,975.764,217.637817543779
356,1392.8465,143.600090347347
357,1117.5672,107.846861581784
358,148.0498,52.7095855509688
359,2263.0089,101.628768760551
361,349.5895,81.4164410642552
362,514.1069,96.862119213969
363,132.7841,132.782583834771
364,224.3513,39.8106426135637
365,1015.6078,137.888743791846
367,1625.2207,0
368,161.9888,84.1460097760864
369,159.2607,69.3865104691067
370,57.2563,57.2573363402043
371,193.9501,149.040147285617
373,939.7545,171.48869487222
374,129.022,85.4592144672642
375,298.7272,97.0652508198982
377,218.372,104.744726717741
379,295.1307,295.134610502129
382,1416.9173,136.341421775112
383,85.0875,85.0890882077056
384,585.6863,97.4300394835882
386,195.9268,74.0835790526373
388,1386.2262,178.683681952301
389,150.4829,69.7430957778997
390,136.5707,60.1332726540422
391,1092.3677,116.918329076027
392,778.7378,144.034246215393
393,2010.9111,208.775399850652
394,100.4883,100.489441554848
395,410.1951,51.4105669440614
396,161.9339,99.2034137329319
397,309.5964,52.3797657039249
398,659.4226,89.4299547875999
399,283.7082,77.8888726792648
401,703.4819,193.190585294506
402,239.6912,148.7160212663
403,749.6817,182.488860789306
404,374.5132,76.8767494105459
405,528.581,112.883665926987
406,210.5041,75.1534455200308
407,1606.7693,152.317017360241
408,473.3788,100.329833815689
409,2412.1654,187.22210091562
410,241.0259,89.7041826942159
411,933.1237,181.166941947915
412,271.3205,92.1314671850705
413,289.8024,67.4139558525571
414,600.8824,148.420438123074
416,1811.7169,138.746973117581
417,115.4734,99.2411690812678
418,581.763,132.154543064651
422,1339.9935,215.157264208508
423,490.7722,135.461544472535
424,947.9632,123.087979419899
425,508.913,115.788465609658
426,824.5777,90.2032839786261
427,790.2311,82.8471868114138
428,618.6832,171.59557389289
429,331.7993,123.775318378852
430,5204.7149,330.461724530724
431,482.4439,134.474625885312
432,562.6433,173.067362743313
433,293.1752,62.2641301507829
434,241.1637,59.8472534941393
435,4795.6613,2055.91591478757
436,1057.7343,101.507815052559
437,179.58,95.4005364684708
438,782.7542,110.933339054231
439,171.6122,171.61757597758
440,514.1175,114.873281929991
441,952.4164,105.607016610447
444,4801.7753,278.535511962633
445,282.4477,85.325463874964
446,116.5172,72.5727312651652
447,1360.631,146.563807241007
448,407.587,90.6432567989687
449,255.5577,110.866704406086
453,10852.5078,1751.558211922
457,194.0989,68.3314463582356
458,452.2585,88.9066556378966
460,159.8709,100.686957296384
461,278.8931,79.0176852880686
465,174.188,83.3009995862376
466,4176.292,238.912629508442
468,53.8908,53.8917557290588
469,797.8331,75.386064150618
470,527.4485,278.110460393058
471,2114.1411,210.417343062756
472,134.5481,134.5465838706
473,2526.141,276.092397044733
474,564.3343,186.627529233123
475,153.6901,60.8703886674775
476,191.2529,63.2834593339358
477,296.7409,117.424927209271
478,429.7029,96.4397952635481
479,446.2697,210.632256001874
480,1518.587,152.063082438079
482,452.4916,123.41047538702
484,122.906,51.0776881132333
485,183.5118,85.2361855005729
486,281.0185,67.5406754482538
487,4070.9659,902.970656079713
488,74.4973,74.4979472104751
489,973.6055,128.930971250127
492,395.5305,69.9611179438652
494,127.4137,127.415983956424
496,499.7437,135.080588172154
497,688.2901,77.7895571240224
498,2983.5444,154.349559320253
499,521.551,79.7751250315414
500,528.77,139.799726912082
501,700.8175,97.5104234272148
502,360.0681,107.815961293385
504,1258.8059,77.9799239259737
505,312.3565,95.7127692722715
506,330.2331,114.208184114948
507,483.5828,154.735215202257
509,4514.173,253.61984103368
511,681.0638,85.5403715615394
513,1098.126,139.309429607121
515,219.6896,217.193934314317
517,223.6869,223.68866057531
518,647.0067,76.8140725462872
519,303.1536,86.1611811044859
520,2404.3085,308.015032934054
521,971.6529,155.000894253841
522,274.3803,56.5834647746233
523,827.1676,149.110667434114
524,147.0341,102.862051856704
525,279.0288,58.8565144746099
526,1461.7848,161.756719285273
527,650.6996,80.4336596794892
528,523.3748,97.0732319038361
529,1547.5267,217.124663117807
530,1347.7807,118.245467237131
532,661.9365,156.018039672985
533,1292.9967,185.280401388125
534,130.5227,45.806466488837
535,519.8034,96.0229581485619
537,503.5924,212.031801176432
538,353.4791,204.390308280941
539,850.5578,119.073273441929
540,888.9449,115.714606731453
541,867.8663,122.618118891318
542,349.743,97.4834931794612
543,292.0014,91.1493654561928
544,1203.3457,87.3562989684651
545,205.1107,44.8848403103202
546,1251.7702,163.885419357292
547,176.2912,104.754661585146
548,344.5468,88.6645322558907
549,702.5373,284.065302483046
550,69.1616,69.1619891244918
552,947.3484,137.168959600967
553,646.4985,141.092922663316
555,164.61,90.160927318575
556,86.9319,76.3275085145287
557,290.6693,67.1741603912433
558,328.5328,104.688683242537
559,1002.869,141.045750757563
560,710.3606,100.335426716076
561,4105.8047,69.6760159068508
562,198.5097,198.51140542957
563,1197.76,140.600365128368
564,143.4197,54.8592630665516
565,907.7407,134.37866425034
569,1544.2116,298.393061720068
570,1352.5081,65.8620577052352
571,252.6988,252.705537109519
572,463.229,76.6511633886475
573,171.5747,70.3596002908889
574,204.2067,66.2147208624519
575,698.6694,69.1601528302417
576,748.3588,149.862453555339
577,1968.1228,372.030508077558
581,963.3687,112.295536063197
582,364.0483,82.9250460616604
587,710.1317,128.059055938655
588,1310.3001,97.904612514656
589,3647.0087,413.69296668272
590,2770.5475,163.960563828907
593,843.6196,201.921054041246
596,982.6737,137.58043104798
597,3246.9489,608.626483368571
599,692.1185,111.862015667459
600,446.627,65.5123418367875
601,177.889,67.8156651491881
602,291.0016,85.3668938223273
603,1302.7802,134.968604362875
604,1274.327,240.965220851227
605,281.3323,118.358976088348
606,265.1228,83.9379324253241
607,876.0917,263.613327074272
608,275.995,62.9931739289314
609,580.9746,150.643357151492
610,139.6275,66.834083089605
611,883.5124,151.02945428629
612,678.0749,198.207476477415
614,2456.508,154.663722370053
615,1080.0448,98.6912563556689
617,353.0801,235.156947840587
619,1008.1019,164.808760373417
620,652.8035,89.5489634444784
621,1831.756,74.5922230774013
622,1224.2549,233.476910737751
623,115.2431,62.2392622946063
624,909.6133,139.783784730171
625,630.6539,114.452975913708
626,2121.9929,153.635693829739
627,530.1735,78.9867346343017
628,128.1234,128.124788580521
629,1052.8239,136.763497004868
630,188.9765,62.6065436459539
631,363.3208,45.52350938163
632,178.8971,62.6115729184239
633,863.1588,85.9140130195301
634,91.3574,41.5589817605287
635,52.5166,52.5176327760564
636,743.6781,93.0846277452074
637,174.1873,104.010476946365
638,561.2845,124.954131445757
639,213.5824,58.0412324758363
640,2943.6328,118.539698133594
641,195.279,68.013254357269
642,1236.4182,94.4187003548723
643,184.098,72.738307106687
644,193.034,91.3229919481091
645,870.3511,101.495778420223
646,947.7891,224.398619187708
647,36.3424,36.3425092639518
648,1781.7977,127.342650456645
649,2384.3946,69.1275637177168
650,2972.2511,298.741195914807
651,1124.4844,139.235333194927
652,695.2442,171.742716088629
654,327.1727,73.7669119449856
655,410.7619,93.9434014543658
656,213.0731,79.4841488010716
657,270.2548,203.392894374265
658,370.4026,123.994712696516
659,381.4833,89.5668418064743
660,3822.4576,1899.92306227144
662,254.9772,79.407388720545
663,278.7008,98.6771121698548
665,103.4274,66.3380700454582
666,142.116,121.207317459775
667,922.2897,92.2510951185541
668,81.3636,67.8404671086755
669,24.1683,24.1687944583828
670,220.8175,64.1472409017879
673,208.1599,75.1154581170267
675,807.4847,104.129551079939
676,747.0164,203.742703314052
677,2983.7436,347.007533517681
679,3059.7237,592.274977261026
680,3266.2643,794.442262184341
681,82.4842,82.4860200390685
683,606.6447,79.0009850204224
684,301.7793,66.5080576961045
685,558.4127,173.576368885348
686,1275.2005,111.039904703619
687,674.4907,138.973933653382
688,327.8246,70.4337376517069
690,345.8536,234.96373515483
693,157.4389,63.782845031179
695,205.5242,98.4785419790642
696,1149.3597,138.738486272181
697,731.5237,221.310540305596
699,182.2339,51.0375721508171
700,673.0155,451.183984107862
701,221.436,82.3687499449588
710,575.8307,129.371166294608
713,98.018,98.0187485205388
720,3309.4154,246.332097829698
722,281.743,114.353433898505
723,1052.2016,130.253547929955
725,476.5312,122.001548367291
726,188.9246,153.010652793768
727,65.0364,47.2868363072266
728,67.3778,62.8514533118578
730,435.9488,123.893450284246
731,296.1411,58.1074942294508
733,549.5449,90.760833374603
734,280.1079,55.7774365037294
735,101.8955,59.9616419131053
737,130.031,86.6348678678041
738,751.6631,154.123011817515
739,163.9445,62.4296559480426
740,767.171,157.353682413102
741,167.1028,46.92176239111
744,819.5956,116.661227198376
746,280.6207,66.9650362647371
747,137.7918,113.547329147863
748,183.8706,52.2774407578981
749,460.0163,132.314298670943
751,789.3206,95.3469996875501
752,949.9183,139.877293956702
755,1102.641,109.410796203651
756,420.4131,152.829371824977
758,651.5242,206.286646397901
759,1654.9698,252.519732305955
760,93.8645,93.86499024363
761,999.7962,102.966356170364
762,204.5613,61.4690785991261
763,509.1136,106.274168481934
770,940.9613,131.888904777301
771,1014.7166,191.799471797305
775,1173.32,429.703032587247
776,7269.8823,339.872603939614
777,1954.4451,151.31866332631
778,893.1682,147.918969553641
780,2214.3314,215.69210990415
781,3675.5375,177.843393308722
786,646.3868,208.172441195667
787,1479.7524,237.119629776531
788,794.3203,125.660673334198
789,87.0452,87.0446619783761
790,230.7554,98.7645520096121
791,94.186,54.617444335905
792,452.1055,94.3126778656078
800,471.4932,192.533925082709
801,54.0849,54.085990967229
802,734.9025,135.6451308541
803,357.5528,93.3268942769428
804,754.659,170.137588620972
805,741.1835,77.3275461456506
806,676.2399,125.720852552651
807,284.9274,71.6790960769868
809,892.8756,94.7683484011213
810,937.4409,257.422798215809
811,138.8833,55.570152926317
812,315.2866,53.4866032997525
813,332.7748,59.7094131083868
814,419.1849,125.75567987049
815,1188.1509,78.3214294201753
816,5754.6892,208.910135049577
817,86.4227,53.5938035950312
818,481.446,66.074574889848
819,201.0302,89.4799463509698
821,996.1596,116.383845244492
822,850.9143,115.879483549812
823,217.4859,64.5612354897894
825,371.9606,124.416182145998
826,844.437,153.21277556062
828,821.7591,91.7150455154479
829,1030.9617,164.323583082005
831,607.5411,113.075649986044
832,751.2037,122.430693158356
833,978.8331,89.3760472643189
834,204.0107,84.6256437812699
835,719.3172,310.642018207698
836,319.9012,109.491590266465
837,2968.9137,451.587632592363
838,286.232,191.553085243329
839,288.508,56.659152209184
840,1635.5886,130.832696027395
841,793.8829,108.840011565509
842,751.3912,80.751137240266
843,579.9903,116.348551570554
844,249.5387,106.576326999726
846,242.5445,105.337708461448
847,453.7909,101.696518664423
848,1823.2669,180.282370939211
849,1095.3815,519.07660500973
850,1178.7655,96.9263003430824
851,1198.5048,122.020300089673
852,1291.8691,93.0671787020692
854,144.0679,75.2672553877928
855,218.0707,81.6175943663038
857,275.3861,98.2456085136218
858,430.0404,61.7884605607251
859,302.9278,0
860,1169.085,80.2730695175705
861,202.0221,60.7354942772072
862,2225.0834,145.826267644123
863,279.6692,102.821487019508
866,1461.7227,90.8945359331556
868,251.5538,83.4977840575739
871,178.7955,178.801446886384
872,82.0419,82.0426935728174
873,461.8958,115.708423661927
874,288.3467,100.154378752457
875,914.9015,103.987822483527
877,904.3653,143.348872116941
878,1210.4866,136.224454553041
879,1403.218,205.089172115651
880,837.1478,197.302520475481
881,65.9282,62.5224386634145
882,814.8489,102.950018836069
883,502.1283,103.829839098224
884,1151.424,282.413770797488
885,1008.4651,103.588755878212
886,1628.1286,199.562587927459
887,3647.1996,1658.57454004971
888,865.8972,105.532021959167
889,1035.5829,128.543872799157
890,133.8358,59.5845585099996
892,728.2696,127.190861862851
893,757.4291,143.837917969489
894,376.0061,131.107239976474
895,175.0175,50.7651602541446
896,1542.8574,337.005016638373
897,816.6879,172.482068931276
898,750.9635,108.579617251875
899,1278.0716,83.9694442565087
900,371.5336,361.05749978844
901,82.7225,63.7298106131493
902,466.6125,78.6456944119418
903,639.0038,155.781539581243
904,468.3582,118.520059509581
906,175.8056,64.6849918692751
907,365.5059,84.2407613642329
908,932.8914,158.280698072637
909,206.6693,70.3318173800362
910,481.1258,195.86987265214
911,383.8545,119.841563601454
913,2102.7377,91.4986878639029
914,2191.9328,163.476206335588
915,705.8593,84.1769449631684
917,390.2797,52.98086924784
918,205.2537,103.433156953746
919,50.6394,50.6414936922374
920,102.2749,43.6675357646891
921,584.4977,132.603654526523
922,1362.7484,190.543967261328
923,352.0324,176.865733974846
924,338.0539,49.822787414425
925,822.6028,158.183027248466
926,264.8236,78.2764552828157
927,305.3568,195.056025782134
928,518.9361,94.0323710571538
929,732.1084,121.589864297217
931,565.224,90.7230135503341
934,465.3165,288.410794464115
935,143.7201,83.8196077905886
936,822.0689,93.6334965387505
937,308.8432,177.182527618483
938,435.9144,169.216616325648
939,566.5802,104.283672291553
940,293.9326,56.0161505656142
941,202.7598,95.9233780903742
942,2059.352,215.659985876151
943,133.3301,67.8692201504018
944,1573.4216,140.496529165976
948,150.6232,130.721828409376
949,185.4068,66.9983237072011
950,322.767,77.6890764911805
951,503.8358,46.2362450402725
953,608.1688,118.401328157837
954,134.0616,91.2878425568924
955,826.8314,131.897802230465
956,1084.0997,136.940154565935
957,1601.3772,204.594401592156
960,286.9481,102.291981938499
961,1118.2426,142.993809974621
962,215.3321,98.2526088602317
964,154.688,60.4910834226175
965,253.8692,108.94940853753
967,672.4877,118.524795873906
969,496.8873,105.278102701122
970,2294.0177,177.22553431565
971,1235.2562,418.296474220027
972,929.6477,139.099651450932
973,531.7916,117.776352575864
978,847.9521,117.406927028147
979,1449.6619,244.125748412451
980,346.7792,76.6277294618194
981,499.3419,92.7314776390558
982,462.0841,159.833472757222
983,838.0422,113.709320384427
986,167.453,90.8611779903877
988,167.3369,78.030936144205
989,634.5505,136.734055136185
990,1964.915,147.843360711493
991,1557.0857,170.104155174806
993,644.3974,147.474756628799
996,91.149,70.0853020127397
999,787.3009,153.914982146816
1000,315.6448,95.896589978358
1003,1376.9922,123.756294501305
1004,383.4144,101.289493449352
1005,537.3985,160.445781284623
1006,351.4918,80.9770933505424
1007,1929.3264,129.982629541337
1008,1704.5207,137.480222234037
1009,173.9983,83.2057892516023
1010,205.0843,78.0049492874241
1011,144.3813,48.5657349153735
1012,161.1518,83.7420373083742
1013,1099.6532,146.853972167199
1014,110.4985,96.7190432576463
1016,1099.1769,118.781879307353
1018,1797.8028,103.220886152259
1019,6190.9827,114.815571404528
1020,2228.8574,281.632317282667
1021,2348.6985,186.152283633739
1022,531.3267,210.764548744744
1023,213.693,86.8943654196628
1024,253.397,62.9039980328198
1025,635.6891,103.183463121371
1026,177.4141,93.0592323239543
1027,93.6385,77.6944469681475
1028,1415.7281,198.328427893488
1029,117.1969,117.198688374483
1030,443.8982,147.54041080171
1031,667.138,122.034774476313
1032,391.3791,140.740307202446
1033,199.0374,39.1462260534754
1034,2587.6132,275.251803789841
1035,1348.8583,201.764015294146
1036,221.7654,155.522405674652
1037,392.4993,112.057872902078
1038,538.029,156.889915355314
1039,841.8401,148.879444786704
1041,1393.6588,157.718033649664
1042,178.5892,87.6827976565401
1043,4006.7659,185.155943480226
1045,823.6055,107.371404863854
1046,659.5415,129.087561511493
1047,608.0224,89.5956235469785
1048,818.8476,181.190183998606
1050,246.9543,58.2289075248846
1051,3313.362,134.147434744722
1055,1046.2489,139.25145898317
1056,1861.7112,632.975753913801
1057,1024.9781,223.192893614876
1061,453.6569,85.6226168206194
1062,981.1765,169.012237821167
1063,882.8616,128.490920428863
1064,131.9498,65.2740912986155
1065,899.4536,763.012096417136
1066,421.69,271.396524005599
1067,662.4386,127.985522891046
1070,370.2929,69.0838916443754
1071,2645.5561,181.375340721032
1072,341.385,275.892174811102
1074,1271.7728,172.512823459838
1075,564.4205,102.959583389405
1076,2506.1574,171.056704069717
1077,544.8539,144.730083825707
1080,197.1536,66.2392851225595
1081,1225.1576,148.632683946897
1084,1422.0566,165.806847904227
1087,952.7535,97.5263163670897
1088,2227.7729,288.306433985138
1089,1018.8815,136.07702302056
1090,1317.3648,150.347146480286
1091,149.8544,97.0043524242355
1094,250.4121,85.2617283305517
1095,420.1629,80.7118741269951
1096,59.5639,49.1707834657282
1097,2053.5484,129.405669306405
1098,197.6124,67.2653838679253
1104,319.3415,112.093960267743
1106,1123.3243,124.681247802509
1107,940.3749,108.701207189221
1108,427.2305,95.3531279843301
1111,1000.8577,165.884538929313
1113,638.8519,256.935618171905
1114,2806.3358,209.375810870755
1115,723.1581,399.23394087964
1116,214.1667,63.196447418246
1120,1044.3668,185.107895326801
1122,558.6009,83.4677091689082
1125,769.9699,72.9257597290562
1126,461.4273,133.997045329772
1127,4519.0292,197.664006083747
1129,879.7872,100.416023212369
1130,251.8217,102.587070535286
1131,600.6355,401.351150243208
1133,307.9607,90.7773613246391
1134,181.2563,85.3492720664326
1135,56.0979,35.9557860373752
1137,1199.6672,160.913180130126
1138,2152.7074,216.302426838127
1140,328.5026,85.8922423967742
1143,1738.665,222.263934185379
1145,830.06,108.616992956959
1146,642.8852,178.972893772647
1148,124.8491,57.4412417680724
1149,500.5538,72.7838550769957
1152,300.9876,72.1948755534413
1154,1691.894,112.43774970388
1156,131.6849,89.825370629289
1158,1323.0332,273.6593860508
1160,892.1699,146.932751902626
1162,1076.1827,178.28736808175
1163,763.227,90.7288097130076
1164,486.2212,102.710188675323
1165,132.8061,84.8422671997396
1166,1662.3023,176.434061093809
1167,281.1394,131.04630936461
1171,56.9921,56.9926910529612
1172,102.28,98.4935538385471
1174,238.5279,94.4034968329361
1175,257.9521,45.4703846263001
1176,792.7746,166.942687775736
1179,338.239,112.090418462059
1180,370.0251,66.7705117116275
1182,570.5026,124.284685458319
1183,487.4909,203.046656788298
1185,228.9681,90.5773669283371
1186,348.3414,90.3965508028632
1187,860.1808,164.518247333821
1189,535.8535,98.7352490126796
1190,424.4761,135.670145094104
1192,1411.5893,62.1550681838562
1193,298.0886,142.78818154789
1194,986.8534,128.064296135286
1195,249.3407,249.347533851396
1197,1232.6745,235.9554646654
1198,562.583,142.827923212812
1200,118.8031,81.3499816246676
1202,412.3746,93.9341185525009
1203,787.9333,551.013813019454
1205,708.0613,213.785009077052
1207,173.9983,83.2057892516023
1210,146.6399,67.1309275637614
1213,262.3802,66.5894958666322
1214,278.8411,64.3216763470555
1216,264.0994,264.108381499711
1218,1076.6458,208.912113194237
1219,526.6075,66.6375593452249
1220,1011.0473,131.910832979163
1221,241.1354,73.6012213681242
1222,669.9243,85.6975425980054
1223,501.1228,127.267399321921
1225,2494.2494,103.939194444974
1228,367.4589,103.307658739446
1230,519.6072,79.0069613594969
1231,150.2739,80.1113313562237
1232,668.6886,168.892983384081
1234,790.661,92.2717450897326
1236,354.033,354.042201137985
1237,617.3063,131.005160968867
1239,806.8071,87.9502672596136
1242,889.9266,175.954716991866
1243,1434.56,113.914429306991
1244,1793.2864,554.405126642116
1248,357.5121,79.9434759262776
1250,451.3752,89.1696555280432
1251,1077.1139,173.687491010613
1252,2549.6025,268.010829556064
1254,690.8051,690.818335206714
1255,870.5398,108.070325391884
1256,254.5231,36.2724371841177
1257,344.8333,108.45905553663
1259,811.1672,336.067285698438
1260,727.0094,66.5141269266023
1269,176.0323,77.5079156043212
1270,616.8436,133.363758580148
1272,1151.3082,194.242534757359
1274,816.8579,185.368172504153
1275,1383.8419,231.527262660889
1278,182.6959,182.695348800393
1280,450.4723,220.910578861865
1281,139.7621,50.9203864351148
1285,120.0678,84.9795143586816
1286,513.1447,110.597303994466
1287,217.1137,160.174956894625
1288,484.1614,420.896801015595
1289,145.1566,145.158089352073
1291,336.689,79.5804693754471
1293,823.4487,95.508474801667
1294,252.215,80.1565372152836
1295,596.7078,99.5195713733556
1296,936.3923,114.814844215725
1298,434.3344,129.765879588434
1299,1022.0444,68.3994419574447
1302,613.5873,135.024214189823
1303,124.5124,52.0627426003339
1304,429.7742,133.203978815669
1305,1657.331,161.419528370549
1306,1252.5295,174.905236062012
1308,580.6278,79.8440799647942
1309,381.6849,62.2434760485194
1310,1907.3189,146.468466895079
1311,68.9351,68.9335837811559
1312,976.2292,102.666829183698
1313,12125.8332,250.614061861612
1314,1290.8045,218.176251398603
1315,231.3084,117.223639766802
1316,1951.4187,387.242779354216
1319,827.108,123.457226459752
1321,1136.4842,181.32789208446
1322,152.5784,92.1050892241765
1323,152.4019,34.4569920225622
1324,1023.4992,104.540512232401
1327,74.5352,74.5375051592709
1329,79.3958,53.1758330501616
1330,763.8475,138.717192247794
1334,410.9094,125.252514813357
1335,1106.1017,125.994283325272
1336,1056.4179,142.64466901627
1337,835.2667,698.954248877824
1338,419.9511,89.2714418789838
1341,149.0782,80.6489452207338
1344,1713.1283,0
1347,456.1502,70.2781287851976
1348,248.5345,53.6048513088608
1351,345.2793,63.6982078183496
1352,244.2203,79.9731812833415
1353,729.0202,431.921572272811
1354,937.5478,112.280994935893
1356,519.2168,200.671496864408
1357,131.421,46.0748481489136
1358,1420.8053,173.090483434382
1359,419.426,93.8413685335836
1360,129.2417,83.0027905471798
1361,3118.5749,253.695738076814
1362,186.6691,118.975770309917
1363,3004.3024,105.85301473178
1364,185.9937,110.618242555332
1365,204.7611,51.104430347681
1368,487.7366,63.3933325432372
1369,579.7259,138.980685941104
1373,145.2906,60.8360033990757
1374,403.119,57.1505098092894
1375,2833.4474,145.161270606684
1376,183.7342,106.639161501516
1378,1957.9997,157.10548993363
1380,546.4241,88.1016184256878
1381,88.2434,79.4180977688229
1383,1057.582,89.4947349409631
1384,871.9073,121.174801928399
1385,964.5568,121.096782096167
1386,321.0592,93.3507120206559
1387,816.4092,112.196816507727
1389,241.9815,47.9145195004758
1390,106.9807,47.6281785381725
1391,164.0188,54.5174219215987
1393,892.1752,114.193710156171
1394,917.3954,101.213434779813
1395,1341.0335,190.15013607833
1400,1206.2452,166.999418247316
1402,1962.7548,169.18698896913
1403,1265.3846,210.336687712144
1405,935.5744,166.559756417504
1406,394.5676,100.72345330735
1408,94.7658,47.015786204327
1409,1015.1204,89.8746874716016
1413,1984.5461,471.908906699391
1415,302.3372,86.8504273635626
1417,244.4578,85.5990114865708
1418,1129.9671,150.21372248343
1422,627.1411,128.772319279771
1424,3118.7817,0
1425,2121.7734,139.689973379485
1426,55.3516,39.9225563539949
1428,321.3197,84.3143533789553
1430,181.3199,71.1610166143219
1431,93.3183,65.6144514502957
1432,84.8996,84.9033849687548
1433,178.3062,52.2756490046158
1435,367.3957,140.664373870037
1436,111.2937,77.2576504165481
1437,180.5225,84.1455147676315
1438,1695.3594,79.7330237730639
1439,130.2066,63.5296319649788
1441,193.0803,42.6062462315895
1443,246.6616,51.8861340235308
1445,235.2059,166.191861292231
1447,730.5979,120.649688092875
1451,952.0803,205.569356844062
1452,331.9058,142.356830082834
1453,811.0234,172.71291627083
1455,1336.3372,137.723642114252
1456,388.7824,65.1679063331685
1458,1575.2029,180.763718125512
1460,573.3238,87.1759994515451
1461,210.8525,78.2438599951565
1465,552.2215,119.234376777429
1467,121.2656,75.3985514780506
1468,251.2465,56.2103602090501
1469,238.7601,84.6622236997355
1470,512.609,146.359145721886
1471,454.067,159.53539161419
1472,996.4735,114.602461968971
1474,631.1097,159.460736569003
1475,747.6331,76.7990678439237
1476,1056.6107,154.658434749519
1477,215.3805,45.1938653334146
1478,44.6029,39.9540029435302
1480,1388.8123,446.081449650344
1485,1270.2971,164.555705640116
1486,327.4807,58.3996590966563
1487,609.4587,131.66839243428
1488,1037.1207,130.717554689618
1492,966.3432,110.342962020251
1493,266.1599,178.23486398987
1494,189.1507,82.8155754511245
1495,200.7534,53.0904694102865
1498,973.1219,191.382369606115
1499,395.7583,75.1470072797965
1502,785.1777,135.380013702477
1503,455.7032,133.131063987035
1505,267.2868,102.2664340263
1506,345.4757,110.271242696792
1508,2071.3535,773.324301014058
1509,789.5744,105.804178111197
1510,1391.2713,159.832241621247
1512,2221.0974,133.892377117067
1513,2629.0383,259.909343330481
1515,723.094,82.1482919251721
1516,9875.9438,286.416145575309
1518,521.529,104.695607533813
1520,577.8815,214.689347885847
1522,141.0268,56.6528033694485
1524,314.6756,201.616356004604
1525,1062.1205,167.624583916389
1526,2784.9057,383.340883458096
1534,125.8769,47.9940808611864
1536,572.4916,234.082008895406
1537,94.5031,75.0439176766886
1538,1467.3785,105.881819827962
1539,439.699,201.981931727794
1540,172.6189,151.281396537306
1543,187.27,62.2291391604376
1544,1362.366,180.164066325815
1545,555.8306,76.026656131904
1547,566.4681,63.5883202794939
1548,1589.7482,354.162722851215
1552,141.9713,141.972399230464
1557,607.6978,114.684835811517
1558,1844.8284,264.018716983963
1561,332.409,152.51363336318
1566,1056.1347,99.8146125281055
1567,367.6359,75.7859423676273
1568,8537.3649,159.129677153891
1571,98.0006,50.9635190920671
1573,2213.0714,182.48008638696
1574,932.4375,97.3177457003621
1577,419.1733,124.396286347612
1580,176.5402,67.631786410524
1581,669.2185,94.102544193971
1582,890.0595,216.166958974907
1583,554.9963,98.8618795459188
1588,828.5408,132.15096097067
1589,1085.3096,359.29273360646
1591,787.8239,130.651700130431
1592,748.2218,137.663583086571
1593,746.1505,120.429881851072
1594,1191.3097,130.116164979641
1595,302.2145,101.399404604919
1596,65.3065,65.3072371721501
1597,485.7459,157.290508499253
1598,472.3155,139.391490458162
1599,463.3861,123.816113668116
1600,1069.0424,240.891422720153
1601,877.489,233.671990744304
1602,1196.3713,111.730716791586
1603,1358.0125,171.111965970602
1604,982.8327,89.4893879102892
1605,385.0362,106.201559281268
1608,361.0599,142.735501575393
1611,352.3503,84.1052582490229
1612,797.4187,132.320071126094
1613,1039.8315,1039.84412702019
1614,843.8945,115.609186839196
1615,122.7733,53.5448281877907
1616,687.0659,96.7803149863612
1617,1442.2034,87.8805333394557
1619,643.3156,130.919683738481
1621,373.6775,83.8590829396853
1622,826.6954,135.098719242204
1623,156.5424,38.0881861656089
1624,463.2149,123.603915739659
1625,482.2262,126.750312117569
1626,2535.6941,369.873053303701
1627,550.734,108.922465174226
1628,1011.422,142.26044296578
1632,1504.1354,129.081389387786
1633,781.737,147.051308263995
1634,199.5476,58.0699212345571
1636,443.0703,165.844016930321
1637,1170.4051,117.972107776368
1638,260.1056,165.333853852702
1639,94.2516,73.3916941363714
1640,338.39,154.923588827951
1645,799.3162,155.289065791119
1646,152.2203,85.6703024115996
1647,1295.473,244.759779348518
1648,496.3544,101.767151655135
1650,12226.0515,11948.2541696521
1651,69.3931,69.3951073926874
1654,2491.5803,131.660919060989
1656,200.5502,55.744893303272
1658,1262.878,139.429353166321
1659,398.7351,92.545931856992
1661,497.7891,131.658927520039
1662,552.9309,105.40521675811
1665,706.0108,110.030631247446
1666,282.314,88.889587026817
1667,325.742,67.0468927837592
1668,248.2713,54.2685731857782
1670,75.0422,61.4632792586635
1672,1210.2857,90.9954198289488
1674,321.716,103.559091904724
1677,485.4724,90.5119699984789
1678,290.6758,110.724646115792
1679,202.3644,78.5962063870393
1680,164.3439,64.8150902767666
1681,439.1848,72.4321779457241
1682,930.3099,92.5944930967671
1684,359.7469,179.838660181034
1685,349.8116,77.4167456859723
1688,373.0737,84.6206437274523
1689,29.6032,29.6035012462526
1693,1825.3136,199.185707049677
1697,87.3613,64.520209713839
1698,172.8041,57.8463721818116
1700,867.0004,122.299002859043
1701,1703.8984,264.758315441217
1703,834.0832,215.11237352679
1704,1455.4954,122.156827059749
1705,211.1756,48.6954147402139
1706,459.6646,111.448852785048
1707,4123.9813,185.46460383404
1710,718.4829,106.92760933649
1711,600.8633,121.177159369254
1712,2189.2566,1018.78018982359
1713,912.4021,155.57066022345
1714,1263.199,173.794644671609
1716,191.5142,88.510665139198
1717,326.4243,65.5100195722189
1720,1718.6206,272.947068024754
1721,452.5132,75.1709782619873
1722,731.9186,126.898053149431
1724,840.4321,163.709392485325
1726,304.1663,68.028592102346
1727,130.2996,76.0290959936101
1728,1823.3191,125.353083579917
1730,755.4959,570.33248027337
1732,3131.8403,255.200788353701
1735,123.855,81.8602532457444
1736,1910.1318,113.869283867534
1737,583.1734,62.2861472460499
1738,1135.5927,118.174230209072
1740,374.7033,75.1420089604217
1741,266.469,81.6312134049367
1742,4792.0684,179.927913961117
1743,168.4856,145.354102529644
1744,80.924,45.8750143154175
1746,232.837,75.6565628367644
1747,1177.5507,134.489411407965
1748,1337.4502,99.1798219198827
1750,864.9809,110.835940133413
1752,267.714,75.0968611094868
1753,470.7094,74.8299234177903
1755,786.4672,123.68585917569
1758,563.7156,116.452028539381
1759,138.154,118.699093499919
1760,1461.5851,111.385048728407
1761,1648.298,106.997723433713
1763,730.962,129.723247120804
1764,314.8462,88.5399593291804
1765,516.45,117.1180048924
1767,584.5198,89.7973034219467
1768,311.9491,82.1521406246757
1770,1041.4274,134.655322178209
1771,928.9632,115.217555721872
1772,400.2511,104.467474795166
1776,1132.133,165.573240027123
1777,162.4412,107.536377573619
1778,599.6229,173.615743010741
1779,942.7292,83.5100468497258
1786,284.6706,78.2259013914736
1789,233.9049,40.7534353717929
1794,3408.8482,160.386349898065
1797,1496.3664,109.023151665962
1799,262.9166,66.6672217828454
1803,241.2538,119.747862313539
1804,78.3263,67.6715560333541
1805,774.9268,155.75582748411
1812,576.8754,135.97287617992
1814,216.5041,96.1326319150539
1816,878.7402,99.1750023464192
1818,165.688,71.6428098908436
1820,183.5537,81.4808296667761
1821,156.1268,92.993925420742
1822,447.7666,114.362607340045
1825,103.4684,103.470006001182
1826,91.044,52.238480972941
1827,2178.8045,187.452017170261
1830,840.455,155.676020120445
1831,995.6817,187.203840135655
1835,243.7827,118.075137229403
1836,125.3087,55.7503315438807
1837,1374.0885,723.887364161827
1838,2305.8039,103.462167375023
1842,342.7781,225.016739047423
1843,799.2146,133.595167321037
1844,584.6574,95.8081907088927
1846,370.397,87.1170610237459
1847,1437.7329,124.695339553844
1851,1129.5383,153.438575328881
1853,1228.6627,208.050434889912
1854,1034.4062,153.077355269837
1858,428.5158,169.58812351356
1860,275.4106,74.4134210968623
1862,108.2431,106.420234519988
1866,263.4185,168.569377764361
1867,455.0931,64.4904093037476
1868,944.4088,131.013550461852
1870,230.7768,111.79367089516
1872,326.4668,108.777811743901
1873,819.0475,177.898301941546
1874,277.9729,78.7927712312958
1875,447.7787,300.434066624638
1876,58.1584,29.8534520328976
1877,1193.7297,203.161084738153
1878,763.5784,161.563170259076
1879,638.4654,164.908944196912
1880,933.5615,98.0140137404669
1881,264.3641,108.512286573969
1885,404.0571,104.027857299327
1887,202.242,64.5855382032023
1888,469.0521,61.7600795275648
1892,79.4636,77.428707673098
1893,877.2149,77.3411794629355
1894,197.8782,66.3587139498377
1897,1373.8951,135.064827265567
1901,632.5491,104.836903649033
1902,322.4252,77.2715962547809
1903,3493.4028,164.911470248713
1906,435.0635,193.864657816175
1907,205.2624,75.7062679327792
1910,53.6727,45.1077992407372
1911,1142.7922,109.480718030361
1912,92.1325,92.1327139620407
1915,180.9576,180.958848190494
1918,342.919,79.642443670833
1921,1127.2834,189.927217713434
1922,265.5381,44.4836815973104
1925,320.6568,84.757206336013
1926,664.2109,107.19702134499
1928,548.2752,548.286184508568
1929,340.0716,118.997771642054
1930,184.4192,80.9595626464725
1931,379.1214,91.8276441640774
1932,295.1229,106.687737384418
1937,1124.1092,320.254327212257
1941,1036.4588,141.654150163755
1949,275.4009,75.7614517684269
1950,970.3762,125.318195348453
1951,834.0381,127.733441707474
1954,1021.0285,129.444959808141
1955,1486.4375,108.419181857952
1957,387.0615,138.29745049429
1961,1401.1205,136.815182432569
1963,930.0488,111.534608300233
1967,1250.616,119.869752514176
1968,389.0703,44.5941688293824
1969,1086.2567,211.918510563264
1970,1023.8065,119.911677006719
1971,79.2415,59.0349481911398
1974,824.7153,117.441628198401
1976,594.1648,94.0299781427893
1991,648.1738,86.1532413550303
1994,1265.729,210.518087637611
2001,207.6569,62.9002631010953
2008,196.2382,46.2037020682183
2011,50.1897,50.1912618259121
2012,115.6159,67.5719745157985
2017,1436.396,122.438993204501
2019,123.3489,47.2464128821448
2023,858.6151,121.493242212346
2025,1474.0569,208.32004221973
2033,189.4117,110.444157819438
2035,418.2924,107.604479957488
2036,558.7552,156.139046032564
2037,590.3678,215.685375959889
2038,448.7996,97.2154981558538
2039,2407.4025,96.6395802957268
2041,347.234,155.209366819465
2047,1534.603,198.42349391208
2050,390.1863,106.340685812407
2058,1837.0625,222.655495591229
2059,1195.2485,181.977448284153
2060,738.2376,127.934821224539
2070,71.459,67.9242835386249
2071,1078.7785,118.283443516935
2073,340.7557,52.4811381928157
2080,103.0776,76.7084370595985
2082,342.0894,68.3267267018091
2085,845.3643,146.855943471928
2086,538.1459,92.5555073140422
2087,809.9577,189.159899105842
2088,335.5391,137.466745462983
2090,3357.0454,307.923085576796
2091,4655.0132,410.760800144228
2092,437.9552,103.514903804957
2093,1197.8072,139.996318622965
2096,264.5871,123.962411732233
2097,295.664,94.4406037688968
2098,1060.7248,167.961118891602
2099,589.356,102.953856176478
2104,127.0202,127.022240542807
2106,193.4338,74.3794844565564
2108,120.518,69.1126989660552
2109,104.9165,91.3905327019211
2111,520.512,69.4430724202248
2112,225.531,67.4793372892309
2115,2838.6273,261.366929828711
2116,1582.0935,188.85097986288
2123,885.6132,139.071459028171
2128,1712.6858,211.200308493237
2129,1289.1096,76.1087443269789
2132,741.5478,145.214560858905
2133,173.1979,63.3536806737538
2138,511.0088,55.9230846110731
2141,573.8021,121.047599394806
2142,233.8838,118.752705191844
2143,6748.5668,3564.59032878179
2145,254.0208,90.4582459506637
2146,1182.5563,124.30862856668
2147,131.2896,112.826993915514
2148,1628.9894,128.711897416157
2149,171.3554,52.705317372529
2151,150.6941,45.1064247234244
2152,1054.7816,113.637243542948
2153,1009.5164,116.85807791206
2155,4474.6995,88.985883079702
2156,423.1214,54.1356809221907
2162,397.5981,69.2231680081459
2164,492.7019,117.861976121087
2165,198.0436,79.8935961309617
2166,1307.002,160.581957451999
2167,994.3176,95.2493184869309
2169,596.9733,157.657439804258
2170,37.639,37.6399115020176
2173,804.3594,139.759036134161
2174,1099.5132,194.235575759703
2175,4539.8611,198.508184261053
2176,1657.1931,434.247917558183
2180,391.311,64.9840849202592
2181,125.8753,59.9084212904418
2182,1561.0776,135.857918801456
2183,797.1594,103.624236645541
2184,364.1859,78.7039622868251
2185,1266.0469,172.77177375101
2187,102.3667,102.368532200086
2188,1198.1255,150.35029152839
2190,2163.9386,90.0952318463242
2191,651.2452,149.896153890528
2195,934.5404,97.5218820810551
2198,125.747,90.3332647662246
2201,166.3736,93.2091324439971
2202,244.8855,53.0717703141854
2204,859.6461,175.653843219683
2205,2527.3287,342.831290428177
2206,322.6751,186.090564896949
2208,352.1307,145.817999936931
2209,364.7411,68.3631236356159
2210,3289.7172,166.978528368694
2211,802.4273,77.2214227548629
2212,582.1893,66.1274990708334
2213,756.1682,113.697551639845
2219,1144.6049,148.343033710611
2220,1223.183,128.585019298596
2223,713.3552,99.5120730729541
2224,136.8802,56.752227940684
2226,1106.9964,154.405626313644
2227,287.0609,69.1553632500436
2230,257.1821,80.4644064941094
2235,937.5197,199.986060128809
2236,351.9813,78.0241458065721
2237,80.6805,80.6819407532457
2238,165.1935,81.3433684658703
2239,2350.7064,287.550000838077
2240,490.9568,178.530907757959
2241,203.3326,57.8158278256888
2244,1489.4767,288.469886567327
2245,655.0101,138.956150693477
2246,1050.0304,144.73709561443
2247,120.3295,74.6592770088464
2248,243.2448,68.9398488211882
2249,450.1246,67.6067454802687
2252,1121.3613,118.183117373788
2253,952.4164,105.607016610447
2254,860.3975,131.150614640559
2255,202.4319,66.8264679439981
2256,3085.286,215.836952465861
2258,264.4629,104.926764384407
2259,751.7723,124.263723733951
2260,8303.4694,2532.50476372274
2261,88.455,66.2632905023638
2266,125.1648,59.6442640543683
2267,893.3357,589.335988666047
2268,537.7649,99.5366912552854
2271,973.085,153.543714648928
2274,1029.334,152.554285179009
2277,504.0437,165.233999689022
2279,154.2917,58.8372377152064
2280,1007.6244,123.949090263108
2282,114.4331,44.8844668497186
2283,1349.865,143.677423969084
2284,417.4021,76.2114405256871
2285,867.3117,127.423519819538
2288,1258.6504,217.703186159721
2289,793.1817,104.74330528779
2291,1153.4696,106.447162048891
2293,570.8923,208.13306455448
2294,1575.3309,108.924473394174
2296,110.134,110.134596290016
2297,1233.9721,117.001321329473
2301,261.849,80.5597225163947
2305,479.4705,92.6974511612207
2308,1002.7944,153.071231436217
2311,279.1665,111.561462988437
2313,448.405,99.3947976376053
2315,1118.6317,137.452916290895
2316,1711.3565,212.266387716569
2317,1038.8736,174.296441179235
2319,838.6109,105.462398452277
2320,761.4622,239.30719991088
2324,1034.6389,153.584844518919
2329,135.215,62.7512161360646
2334,217.9701,56.0548510783119
2338,112.1101,39.0364052017685
2340,4127.9167,363.329391073843
2341,243.5132,79.7114837371901
2343,1045.7556,140.2335858359
2345,242.2923,94.5563283318188
2347,658.0434,137.025687200385
2348,1057.8788,122.593861564761
2351,191.3408,75.8061657338621
2352,79.6926,63.3269030250958
2353,889.3581,129.503102651099
2354,207.5059,87.7912561457488
2355,1267.5483,80.9315453147283
2357,865.8226,135.425629046804
2358,144.2571,86.5316326843167
2359,2587.3115,121.975038650224
2360,742.2961,101.458301591279
2361,257.1919,67.0950047303977
2362,624.1782,150.136138389305
2364,932.2698,210.413686020054
2365,319.2231,97.5383078630548
2367,187.0768,54.5813170358306
2368,304.4707,90.8439043198596
2369,317.7592,89.8699778851442
2370,199.7413,108.633080210246
2374,1209.5461,128.843589169148
2375,1092.2661,91.6596086539794
2377,545.0374,153.632170301047
2378,1811.4185,124.293344792444
2379,2024.5479,212.430000114953
2380,641.5635,127.395723455404
2381,1843.9612,418.256003342802
2382,1871.0071,371.187936903618
2383,218.7233,125.948136352468
2384,980.1181,135.075884957907
2385,922.2916,145.181831691647
2388,441.8483,133.174287864502
2389,838.8873,122.362263290241
2390,363.8329,105.415089168411
2391,989.424,229.691309303053
2392,167.4582,91.3401130437269
2393,227.9177,107.365591949783
2395,540.8126,126.393686838332
2397,335.5596,79.7734022746299
2401,1289.7369,90.1355671829951
2402,383.2828,71.5024873064285
2405,283.9544,147.079486000119
2406,2955.3854,196.294915736828
2408,1103.9564,168.094248232141
2410,103.6963,64.1837722295895
2413,1264.7995,326.854802305298
2414,1060.5125,107.183040065498
2415,511.5848,117.824635459925
2416,109.291,41.9476170212729
2417,1389.9677,147.83051380745
2419,46.0983,46.0992203024798
2420,62.7582,62.7589303429704
2421,150.2058,62.4100000176695
2422,214.239,130.485610273703
2423,220.3465,91.7201862863731
2426,1155.5322,165.930484777024
2428,181.4303,121.572966539563
2429,665.1895,121.108435648377
2431,404.2533,63.1603817365831
2432,1237.003,104.63674360179
2435,258.1307,84.1816160054877
2436,167.7472,70.5283405481314
2437,638.0259,144.432718770899
2439,385.726,385.727695818437
2440,699.646,131.32858681088
2441,409.0543,57.6753789610812
2442,1310.5237,195.462319905226
2443,1444.0567,158.722846169956
2444,518.546,103.844259999663
2446,78.5883,48.5756485285528
2449,779.4296,81.1105532429356
2450,2045.5921,224.238594147377
2451,1153.0239,89.817275471054
2452,138.6012,79.8352096164017
2455,423.9981,115.362356940517
2456,1150.795,172.20878485241
2457,2295.4622,137.376520249323
2458,203.4698,152.99819792551
2459,890.9985,148.813984734588
2460,1772.9675,172.936258504575
2461,300.0207,75.433715893043
2462,1501.9304,131.273216491914
2463,887.5917,114.055345367917
2465,442.9584,134.113422986666
2466,989.2046,372.967608071951
2467,223.1249,151.434687957313
2469,240.0755,44.2968623446359
2470,295.5328,125.257948747108
2471,218.1713,117.968801187846
2474,893.6133,75.548443815147
2477,2264.0501,154.754602267873
2478,1102.8193,63.2158352851402
2479,588.237,96.189921163349
2480,505.5993,91.2115812159682
2481,497.7118,95.6799845137721
2482,501.5297,140.500822581758
2483,935.1692,119.539154761296
2485,1441.082,172.012382694855
2486,1260.7748,147.456299981044
2488,125.7034,96.8372393092141
2490,696.5118,92.8500225969838
2491,88.2135,34.7645880476339
2492,11444.3625,6742.61229170168
2493,1796.6239,178.280440803268
2494,275.6843,275.689007905894
2495,11442.166,3980.47093188315
2496,1582.5779,201.00273462967
2497,101.138,56.0172346089676
2498,1192.7034,166.424498619977
2499,546.57,113.902851375198
2501,1480.1729,152.902916259598
2502,1906.5891,229.464254972234
2506,227.4775,82.167577974833
2507,123.3835,49.653499268591
2509,487.7857,135.202470948687
2511,597.6173,123.135490616638
2514,1044.8471,124.083852149546
2515,242.6941,128.236586468047
2516,1396.5317,107.130286080879
2518,871.9718,110.11114760628
2521,165.1204,91.4342579731456
2522,1363.7998,166.427601007035
2525,3345.7191,712.720696946606
2526,2992.1657,96.8138740342038
2527,479.4463,61.1405767818542
2529,695.5299,104.436014502411
2530,292.5258,69.0367056852556
2531,183.8419,90.9530582423904
2532,4901.2342,166.296307927958
2533,244.5242,100.840860471828
2534,1014.4687,155.957677599421
2535,1369.8295,104.574279628694
2536,384.7803,83.2468849259894
2537,844.1415,246.930032051649
2538,2297.7722,117.964943188083
2539,445.4644,168.618301460403
2540,170.5178,89.1492886570049
2541,957.0475,155.923359071137
2542,622.1359,314.192802228499
2543,2062.5708,302.80216486493
2544,1339.1726,190.535345875105
2545,533.3278,129.155541291082
2546,689.2271,102.071377292828
2548,362.7746,113.02195665671
2550,6437.3963,195.102010437753
2552,559.5659,559.581892790913
2553,549.5684,95.7312085250742
2555,191.8258,45.715337214875
2557,95.4113,82.6855559448013
2558,411.6106,278.624315476976
2559,485.8388,485.846865392169
2560,382.2461,103.262130302606
2561,227.9297,73.5108234356157
2562,454.0981,93.2356793934596
2563,129.5185,68.7025604785013
2566,353.4289,246.798713531025
2567,690.9708,97.8408682291629
2569,260.9125,91.5598253075732
2571,193.5587,55.6098180946428
2572,638.3366,98.7352485494339
2573,6104.2871,129.267302162247
2574,1959.4532,143.117152728447
2576,1678.3222,112.44573054614
2577,2134.2869,267.509296039359
2578,190.6401,47.8845904023037
2581,635.9557,170.069968111609
2584,272.2824,128.212305050489
2585,1909.6229,169.771412045811
2587,5023.3472,342.5187020761
2588,673.652,178.797947120409
2589,921.8524,447.867102466407
2592,78.3321,69.6740808990435
2593,135.0118,135.013705960941
2594,846.9082,161.920891723508
2595,987.9747,102.46992104438
2596,1874.4325,112.857239323435
2597,1199.2787,129.039757930965
2598,1201.1597,225.413194235123
2599,512.9562,81.6947825225652
2600,2384.9562,160.252776887035
2601,780.2935,152.259114672925
2602,789.876,109.839882049011
2603,278.9997,165.404224781218
2604,238.7163,60.4446304147132
2605,1360.1333,145.497930309546
2606,881.088,210.312384511926
2607,766.7745,81.8506065848633
2608,1003.4892,156.131183360048
2609,364.3429,76.3595774048008
2610,783.1093,122.689697410446
2611,1611.9269,270.625087194814
2612,1205.4091,149.794054895698
2613,155.4233,72.1537669345271
2615,316.5938,46.8734821139951
2617,1876.4063,106.087717574359
2618,208.3586,66.5292211887863
2619,893.3155,130.797487037897
2620,471.2214,99.8208347475156
2621,316.7783,110.680302439956
2622,239.3471,119.133788289444
2623,74.6698,40.3041482464178
2624,500.0899,95.0042380219529
2625,976.1863,141.07171223867
2627,64.9018,57.3875253509395
2628,526.0978,57.7991141795064
2629,193.4432,61.6875650559086
2630,1168.2829,507.356834390317
2632,363.6774,100.84690949256
2636,1897.0433,88.5751392322709
2638,2673.4863,156.240654037072
2639,956.231,184.402481235738
2640,309.6323,114.524771332959
2642,2241.5065,225.117221381748
2643,884.8285,145.033037416753
2644,434.8226,157.212864734931
2645,2744.4882,193.11633807217
2646,398.1921,95.3995985334041
2647,187.9315,85.4882179317065
2648,200.3515,45.8128339243121
2650,3416.4398,531.676851381373
2651,2440.9467,306.851285417724
2653,410.7991,59.2113561127335
2654,306.7656,195.625563707668
2655,528.5258,94.6594988516299
2656,964.0023,81.6261178585555
2657,708.6053,91.355684686423
2659,18214.998,0
2661,1864.0836,114.530569198425
2662,1694.2311,196.430074082411
2664,2990.7752,115.400338640669
2665,177.0159,63.880665288365
2667,361.9473,257.869550352334
2668,1763.1939,173.215534222836
2669,14376.0927,400.324250976613
2671,340.3417,151.981186396792
2672,2287.5681,201.01054388308
2673,2300.6756,246.905177867782
2674,374.5431,236.026986946119
2675,202.1723,75.8613594788476
2676,767.0711,297.108131077635
2678,815.8413,118.119326287997
2679,167.765,126.720066269569
2685,1105.8339,120.755992444436
2686,1874.0528,79.0997720621526
2689,159.7381,75.3348976689158
2692,318.3231,173.359190697509
2694,217.8338,53.417226601392
2695,612.2625,85.3774126797216
2696,231.9853,49.3025552067265
2698,233.824,73.3808695529351
2699,5169.6081,1054.11818743404
2700,904.3233,139.008125308668
2702,120.591,73.0379674584838
2706,515.3702,240.945282261586
2707,405.7126,74.4244979600771
2708,1296.7817,355.178804804033
2710,453.609,69.207444522719
2711,327.8378,130.174097261024
2713,1276.265,101.373925201478
2714,723.1777,120.796840591678
2715,41.8402,41.8404780297715
2716,1043.2944,78.4007750320015
2719,124.5703,60.0040622521774
2721,1262.0323,374.814431381968
2723,606.1604,67.2599026073585
2725,1165.7777,149.334130730029
2730,101.7512,101.751559663083
2731,1199.23,147.966114655253
2732,787.037,115.511640879093
2733,531.7464,105.498805884723
2735,227.8742,227.87766188712
2738,97.395,83.4964063850639
2739,2042.4006,94.1207571119303
2740,234.1664,86.7952740603359
2742,470.6594,129.735005754745
2743,349.9734,125.577749839838
2744,531.476,69.955103791186
2745,243.6696,68.8065500786179
2746,948.077,146.979946608495
2747,587.893,123.414535923832
2749,1093.8595,88.2517619805294
2750,3033.7445,158.902210445667
2751,156.9509,75.019545912277
2752,1025.7445,210.549057007418
2753,602.3634,60.4887570139254
2755,676.8986,425.369126001891
2756,659.0164,272.18861269737
2760,989.2409,189.550231824454
2762,500.6815,126.219986262906
2765,290.7768,118.01841255225
2766,285.8161,57.1614970329583
2768,215.4227,62.0786079571699
2769,537.01,101.692630936072
2771,365.4356,98.7971053040383
2772,246.1065,132.959723840904
2774,301.259,77.5065844005439
2775,278.6225,120.474130540519
2776,69.3183,59.8526625054656
2777,736.9032,100.908654114537
2778,1970.6766,165.786574233989
2780,739.0266,119.774280588244
2782,690.6369,154.417602062167
2783,456.8564,103.220084181754
2786,951.2644,480.428871488199
2788,125.255,61.4460749059508
2789,1114.3627,100.569609553066
2791,4058.6183,612.569064445459
2792,136.9664,95.7964654213501
2793,619.3772,122.236903354118
2794,1196.9277,180.263814285805
2795,297.4925,77.443602188956
2796,667.934,143.112003431888
2797,161.0026,69.9506774129513
2798,744.9222,158.557321686996
2800,419.4471,112.846030769459
2801,642.7,172.799386413746
2805,1111.5824,156.009191488032
2807,280.9573,153.068537843137
2808,291.2686,82.6139378149401
2809,507.943,427.248241394875
2810,961.5738,110.163538851149
2813,182.5652,68.9612547071883
2814,1922.2882,473.458294115204
2815,715.9502,88.4273048131727
2816,413.9404,57.7088168874907
2817,966.4294,163.256472715206
2819,1109.1463,160.342026818311
2820,880.6747,151.184481027478
2822,475.3023,85.4199063504348
2823,110.7795,51.5755167643074
2824,146.5675,91.0865480403008
2825,525.2833,155.067144341047
2827,1595.1817,111.370738329075
2828,493.2425,115.815121378408
2829,394.4356,101.982590019927
2830,215.3039,121.734228985122
2832,564.3064,95.5541230129311
2833,1494.1155,123.003226730478
2834,1081.2809,115.301097513933
2836,1405.05,178.230361450951
2839,904.1532,234.37338436424
2840,418.2203,75.9974015118205
2844,360.8386,67.2003870612825
2845,98.7237,70.9233793378808
2847,203.7766,72.5703342984707
2848,143.2194,50.4032120824268
2851,1700.9193,166.422777681109
2852,136.2233,136.225324618397
2853,1459.6306,111.407948237229
2854,278.1317,128.882185778057
2857,551.1122,97.0010890481644
2858,873.215,129.494192240052
2860,3592.3491,201.072835616476
2862,50.5264,39.9880968082871
2863,1790.5918,164.091959661673
2865,649.9503,100.182214317494
2866,458.0971,123.283884309232
2867,77.0798,77.080142189865
2868,162.4084,77.68625840811
2871,1814.9622,431.121458401787
2875,254.9094,61.0134711292339
2876,2268.2043,97.3162228106812
2879,321.5735,70.3289585789898
2880,1002.8354,150.550955858089
2882,895.1029,197.627769080456
2884,660.4209,111.29884874374
2885,323.6614,93.2739714630443
2890,519.6524,154.069720796622
2892,810.0675,151.693099440512
2893,410.9998,136.821438231051
2894,508.0337,158.042383529828
2895,221.5397,97.2588547328487
2898,979.4843,123.612508802893
2901,216.9122,85.2830303299706
2905,179.0599,76.6115631642169
2910,917.5646,73.411080644204
2911,509.1049,100.86188837068
