"year","dtbtor","CVD","CVA","value18","CVA18","CVD18","bill70","bill7018"
2012,"AIEC",2.15,1.475,1.09217087138862,1.61095203529821,2.34816737348553,281.2975,307.22493569444
2013,"AIEC",2.15,1.565,1.06449402669456,1.66593315177699,2.2886621573933,287.9755,306.548199584379
2014,"AIEC",2.15,1.745,1.05187156788,1.8355158859506,2.261523870942,301.3315,316.962037356632
2015,"AIEC",2.15,1.935,1.046638376,2.02524525756,2.2502725084,315.4295,330.140619622492
2016,"AIEC",2.15,2.115,1.040396,2.20043754,2.2368514,328.7855,342.067119058
2017,"AIEC",2.15,2.365,1.022,2.41703,2.1973,347.3355,354.976881
2012,"AIEM",2.23,1.475,1.09217087138862,1.61095203529821,2.43554104319662,287.6575,314.171142436472
2013,"AIEM",2.32,1.565,1.06449402669456,1.66593315177699,2.46962614193138,301.4905,320.934836355156
2014,"AIEM",2.32,1.745,1.05187156788,1.8355158859506,2.4403420374816,314.8465,331.17808159653
2015,"AIEM",2.41,1.935,1.046638376,2.02524525756,2.52239848616,336.0995,351.774634854412
2016,"AIEM",2.6,2.115,1.040396,2.20043754,2.7050296,364.5605,379.287285958
2017,"AIEM",2.6,2.365,1.022,2.41703,2.6572,383.1105,391.538931
2012,"Ambleve",1.48,0,1.09217087138862,0,1.61641288965516,118.5875,129.517813210798
2013,"Ambleve",1.55,0,1.06449402669456,0,1.64996574137657,124.1525,132.159594649196
2014,"Ambleve",1.55,0,1.05187156788,0,1.630400930214,124.1525,130.592484831222
2015,"Ambleve",1.85,0,1.046638376,0,1.9362809956,148.0025,154.90509624394
2016,"Ambleve",2,0,1.040396,0,2.080792,159.9275,166.38793129
2017,"Ambleve",2,0,1.022,0,2.044,159.9275,163.445905
2012,"Attert",2.07,1.475,1.09217087138862,1.61095203529821,2.26079370377444,274.9375,300.278728952408
2013,"Attert",2.07,1.565,1.06449402669456,1.66593315177699,2.20350263525774,281.6155,299.778017574602
2014,"Attert",2.07,1.745,1.05187156788,1.8355158859506,2.1773741455116,294.9715,310.272134184915
2015,"Attert",2.07,1.935,1.046638376,2.02524525756,2.16654143832,309.0695,323.483999551132
2016,"Attert",2.07,2.115,1.040396,2.20043754,2.15361972,322.4255,335.450200498
2017,"Attert",2.07,2.365,1.022,2.41703,2.11554,340.9755,348.476961
2012,"Beloeil",NA,1.475,1.09217087138862,1.61095203529821,NA,NA,NA
2013,"Beloeil",NA,1.565,1.06449402669456,1.66593315177699,NA,NA,NA
2014,"Beloeil",NA,1.745,1.05187156788,1.8355158859506,NA,NA,NA
2015,"Beloeil",NA,1.935,1.046638376,2.02524525756,NA,NA,NA
2016,"Beloeil",NA,2.115,1.040396,2.20043754,NA,NA,NA
2017,"Beloeil",NA,2.365,1.022,2.41703,NA,NA,NA
2012,"Bievre",1.43,1.475,1.09217087138862,1.61095203529821,1.56180434608572,224.0575,244.709075016155
2013,"Bievre",1.87,1.565,1.06449402669456,1.66593315177699,1.99060382991883,265.7155,282.852562550158
2014,"Bievre",1.87,1.745,1.05187156788,1.8355158859506,1.9669998319356,279.0715,293.547376255623
2015,"Bievre",2.48,1.935,1.046638376,2.02524525756,2.59566317248,341.6645,357.599177416852
2016,"Bievre",2.48,2.115,1.040396,2.20043754,2.58018208,355.0205,369.361908118
2017,"Bievre",2.48,2.365,1.022,2.41703,2.53456,373.5705,381.789051
2012,"Bouillon",1.81,1.475,1.09217087138862,1.61095203529821,1.9768292772134,254.2675,277.703557040806
2013,"Bouillon",1.9727,1.565,1.06449402669456,1.66593315177699,2.09992736646036,273.88015,291.54378370521
2014,"Bouillon",1.9727,1.745,1.05187156788,1.8355158859506,2.07502704195688,287.23615,302.135539452315
2015,"Bouillon",2.12,1.935,1.046638376,2.02524525756,2.21887335712,313.0445,327.644387095732
2016,"Bouillon",2.2,2.115,1.040396,2.20043754,2.2888712,332.7605,346.202693158
2017,"Bouillon",2.2,2.365,1.022,2.41703,2.2484,351.3105,359.039331
2012,"Bullange",1.45,1.475,1.09217087138862,1.61095203529821,1.5836477635135,225.6475,246.445626701663
2013,"Bullange",1.7637,1.565,1.06449402669456,1.66593315177699,1.8774481148812,257.26465,273.856683204667
2014,"Bullange",1.7637,1.745,1.05187156788,1.8355158859506,1.85518588426996,270.62065,284.658167416205
2015,"Bullange",1.7637,1.935,1.046638376,2.02524525756,1.8459561037512,284.71865,297.997465452912
2016,"Bullange",1.96,2.115,1.040396,2.20043754,2.03917616,313.6805,326.351937478
2017,"Bullange",1.96,2.365,1.022,2.41703,2.00312,332.2305,339.539571
2012,"Burg-Reuland",1.49,1.475,1.09217087138862,1.61095203529821,1.62733459836904,228.8275,249.918730072679
2013,"Burg-Reuland",1.73,1.565,1.06449402669456,1.66593315177699,1.84157466618159,254.5855,271.004744033048
2014,"Burg-Reuland",1.73,1.745,1.05187156788,1.8355158859506,1.8197378124324,267.9415,281.840045705119
2015,"Burg-Reuland",1.73,1.935,1.046638376,2.02524525756,1.81068439048,282.0395,295.193364247852
2016,"Burg-Reuland",1.73,2.115,1.040396,2.20043754,1.79988508,295.3955,307.328296618
2017,"Burg-Reuland",1.73,2.365,1.022,2.41703,1.76806,313.9455,320.852301
2012,"Butgenbach",1.75,1.475,1.09217087138862,1.61095203529821,1.91129902493008,249.4975,272.493901984282
2013,"Butgenbach",2.1224,1.565,1.06449402669456,1.66593315177699,2.25928212225653,285.7813,304.212486791006
2014,"Butgenbach",2.1224,1.745,1.05187156788,1.8355158859506,2.23249221566851,299.1373,314.65402076239
2015,"Butgenbach",2.1923,1.935,1.046638376,2.02524525756,2.2945453117048,318.79235,333.660307485224
2016,"Butgenbach",2.3819,2.115,1.040396,2.20043754,2.4781192324,347.22155,361.2479117338
2017,"Butgenbach",2.3819,2.365,1.022,2.41703,2.4343018,365.77155,373.8185241
2012,"Chimay",1.36,1.475,1.09217087138862,1.61095203529821,1.48535238508852,218.4925,238.631144116878
2013,"Chimay",1.36,1.565,1.06449402669456,1.66593315177699,1.4477118763046,225.1705,239.692652237827
2014,"Chimay",1.98,1.745,1.05187156788,1.8355158859506,2.0827057044024,287.8165,302.745993116734
2015,"Chimay",1.98,1.935,1.046638376,2.02524525756,2.07234398448,301.9145,315.995301970852
2016,"Chimay",2.23,2.115,1.040396,2.20043754,2.32008308,335.1455,348.684037618
2017,"Chimay",2.23,2.365,1.022,2.41703,2.27906,353.6955,361.476801
2012,"Chiny",1.94,1.475,1.09217087138862,1.61095203529821,2.11881149049392,264.6025,288.991142996607
2013,"Chiny",2.7,1.565,1.06449402669456,1.66593315177699,2.87413387207531,331.7005,353.093200901599
2014,"Chiny",2.7,1.745,1.05187156788,1.8355158859506,2.840053233276,345.0565,362.955121662185
2015,"Chiny",2.7,1.935,1.046638376,2.02524525756,2.8259236152,359.1545,375.904882613092
2016,"Chiny",2.7,2.115,1.040396,2.20043754,2.8090692,372.5105,387.558434158
2017,"Chiny",2.7,2.365,1.022,2.41703,2.7594,391.0605,399.663831
2012,"CIESAC",1.9787,1.475,1.09217087138862,1.61095203529821,2.16107850321666,267.67915,292.351370508065
2013,"CIESAC",NA,1.565,1.06449402669456,1.66593315177699,NA,NA,NA
2014,"CIESAC",1.935,1.745,1.05187156788,1.8355158859506,2.0353714838478,284.239,298.982922582643
2015,"CIESAC",2.3466,1.935,1.046638376,2.02524525756,2.4560416131216,331.0592,346.499263447859
2016,"CIESAC",2.3466,2.115,1.040396,2.20043754,2.4413932536,344.4152,358.3281964192
2017,"CIESAC",2.348,2.365,1.022,2.41703,2.399656,363.0765,371.064183
2012,"CILE",2.525,1.475,1.09217087138862,1.61095203529821,2.75773145025626,311.11,339.785279797713
2013,"CILE",2.6366,1.565,1.06449402669456,1.66593315177699,2.80664495078288,326.6602,347.72783165885
2014,"CILE",2.6366,1.745,1.05187156788,1.8355158859506,2.77336457587241,340.0162,357.6533733986
2015,"CILE",2.8086,1.935,1.046638376,2.02524525756,2.9395885428336,367.7882,384.941244359963
2016,"CILE",2.8086,2.115,1.040396,2.20043754,2.9220562056,381.1442,396.5409011032
2017,"CILE",2.8086,2.365,1.022,2.41703,2.8703892,399.6942,408.4874724
2012,"Erezee",1.8777,0,1.09217087138862,0,2.05076924520641,150.20465,164.049143477122
2013,"Erezee",1.8777,0,1.06449402669456,0,1.99880043392438,150.20465,159.891952706747
2014,"Erezee",1.8777,0,1.05187156788,0,1.97509924300828,150.20465,157.996000698367
2015,"Erezee",2.1243,0,1.046638376,0,2.2233739021368,169.80935,177.728982313616
2016,"Erezee",2.4105,0,1.040396,0,2.507874558,192.56225,200.340994651
2017,"Erezee",2.4105,0,1.022,0,2.463531,192.56225,196.7986195
2012,"Etalle",1.67,1.475,1.09217087138862,1.61095203529821,1.82392535521899,243.1375,265.54769524225
2013,"Etalle",1.67,1.565,1.06449402669456,1.66593315177699,1.77770502457992,249.8155,265.927107525715
2014,"Etalle",1.67,1.745,1.05187156788,1.8355158859506,1.7566255183596,263.1715,276.822618326332
2015,"Etalle",1.67,1.935,1.046638376,2.02524525756,1.74788608792,277.2695,290.200899194332
2016,"Etalle",1.67,2.115,1.040396,2.20043754,1.73746132,290.6255,302.365607698
2017,"Etalle",1.67,2.365,1.022,2.41703,1.70674,309.1755,315.977361
2012,"Fauvillers",1.31,1.475,1.09217087138862,1.61095203529821,1.43074384151909,214.5175,234.289764903108
2015,"Fauvillers",2.2155,1.935,1.046638376,2.02524525756,2.318827322028,320.63675,335.590727305918
2012,"Gedinne",1.3348,1.475,1.09217087138862,1.61095203529821,1.45782967912953,216.4891,236.443088993138
2013,"Gedinne",1.3348,1.565,1.06449402669456,1.66593315177699,1.4208866268319,223.1671,237.560044904748
2014,"Gedinne",1.3348,1.745,1.05187156788,1.8355158859506,1.40403816880622,236.5231,248.791924036838
2015,"Gedinne",1.3348,1.935,1.046638376,2.02524525756,1.3970529042848,250.6211,262.309661095334
2016,"Gedinne",2.23,2.115,1.040396,2.20043754,2.32008308,335.1455,348.684037618
2017,"Gedinne",2.23,2.365,1.022,2.41703,2.27906,353.6955,361.476801
2012,"Gouvy",1.66,1.475,1.09217087138862,1.61095203529821,1.81300364650511,242.3425,264.679419399496
2013,"Gouvy",1.77,1.565,1.06449402669456,1.66593315177699,1.88415442724937,257.7655,274.389835037937
2014,"Gouvy",1.77,1.745,1.05187156788,1.8355158859506,1.8618126751476,271.1215,285.184997290977
2015,"Gouvy",1.77,1.935,1.046638376,2.02524525756,1.85254992552,285.2195,298.521674283532
2016,"Gouvy",2.2,2.115,1.040396,2.20043754,2.2888712,332.7605,346.202693158
2017,"Gouvy",2.2,2.365,1.022,2.41703,2.2484,351.3105,359.039331
2012,"Habay",1.54,1.475,1.09217087138862,1.61095203529821,1.68194314193847,232.8025,254.260109286449
2013,"Habay",1.54,1.565,1.06449402669456,1.66593315177699,1.63932080110962,239.4805,254.925561759827
2014,"Habay",1.54,1.745,1.05187156788,1.8355158859506,1.6198822145352,252.8365,265.951525672292
2015,"Habay",2.13,1.935,1.046638376,2.02524525756,2.22933974088,313.8395,328.476464604652
2016,"Habay",2.18,2.115,1.040396,2.20043754,2.26806328,331.1705,344.548463518
2017,"Habay",2.18,2.365,1.022,2.41703,2.22796,349.7205,357.414351
2012,"Helecine",1.79,1.475,1.09217087138862,1.61095203529821,1.95498585978563,252.6775,275.967005355298
2013,"Helecine",1.79,1.565,1.06449402669456,1.66593315177699,1.90544430778326,259.3555,276.082380540381
2014,"Helecine",1.99,1.745,1.05187156788,1.8355158859506,2.0932244200812,288.6115,303.582231013199
2012,"IDEA",0.6233,1.475,1.09217087138862,1.61095203529821,0.680750104136526,159.92485,174.665262781194
2013,"IDEA",0.75,1.565,1.06449402669456,1.66593315177699,0.79837052002092,176.6755,188.070014413275
2014,"IDEA",0.75,1.745,1.05187156788,1.8355158859506,0.78890367591,190.0315,199.888731851588
2015,"IDEA",0.75,1.935,1.046638376,2.02524525756,0.784978782,204.1295,213.649768373692
2016,"IDEA",0.75,2.115,1.040396,2.20043754,0.780297,217.4855,226.271044258
2017,"IDEA",0.75,2.365,1.022,2.41703,0.7665,236.0355,241.228281
2012,"IDEN",2.16,1.475,1.09217087138862,1.61095203529821,2.35908908219942,282.0925,308.093211537194
2013,"IDEN",2.16,1.565,1.06449402669456,1.66593315177699,2.29930709766025,288.7705,307.394472335602
2014,"IDEN",2.3867,1.745,1.05187156788,1.8355158859506,2.5105018710592,320.14915,336.755788365949
2015,"IDEN",2.3867,1.935,1.046638376,2.02524525756,2.4980118119992,334.24715,349.835894258629
2016,"IDEN",2.3867,2.115,1.040396,2.20043754,2.4831131332,347.60315,361.6449268474
2017,"IDEN",2.3867,2.365,1.022,2.41703,2.4392074,366.15315,374.2085193
2012,"IECBW",2.04,1.475,1.09217087138862,1.61095203529821,2.22802857763278,272.5525,297.673901424146
2013,"IECBW",2.104,1.565,1.06449402669456,1.66593315177699,2.23969543216535,284.3185,302.655344928757
2014,"IECBW",2.16,1.745,1.05187156788,1.8355158859506,2.2720425866208,302.1265,317.798275253097
2015,"IECBW",2.16,1.935,1.046638376,2.02524525756,2.26073889216,316.2245,330.972697131412
2016,"IECBW",2.16,2.115,1.040396,2.20043754,2.24725536,329.5805,342.894233878
2017,"IECBW",2.16,2.365,1.022,2.41703,2.20752,348.1305,355.789371
2012,"IEG",1.75,1.475,1.09217087138862,1.61095203529821,1.91129902493008,249.4975,272.493901984282
2013,"IEG",1.9105,1.565,1.06449402669456,1.66593315177699,2.03371583799996,268.93525,286.279967192608
2014,"IEG",1.9105,1.745,1.05187156788,1.8355158859506,2.00960063043474,282.29125,296.934139736305
2015,"IEG",NA,1.935,1.046638376,2.02524525756,NA,NA,NA
2016,"IEG",NA,2.115,1.040396,2.20043754,NA,NA,NA
2017,"IEG",NA,2.365,1.022,2.41703,NA,NA,NA
2012,"INASEP",2.372,1.475,1.09217087138862,1.61095203529821,2.5906293069338,298.9465,326.500659403578
2013,"INASEP",2.4394,1.565,1.06449402669456,1.66593315177699,2.59672672871871,310.9828,331.039333004749
2014,"INASEP",2.557,1.745,1.05187156788,1.8355158859506,2.68963559906916,333.688,350.996919742741
2015,"INASEP",2.6746,1.935,1.046638376,2.02524525756,2.7993390004496,357.1352,373.791405740435
2016,"INASEP",2.6746,2.115,1.040396,2.20043754,2.7826431416,370.4912,385.4575625152
2017,"INASEP",2.6746,2.365,1.022,2.41703,2.7334412,389.0412,397.6001064
2012,"La Calamine",1.75,1.475,1.09217087138862,1.61095203529821,1.91129902493008,249.4975,272.493901984282
2013,"La Calamine",1.78,1.565,1.06449402669456,1.66593315177699,1.89479936751632,258.5605,275.236107789159
2014,"La Calamine",1.88,1.745,1.05187156788,1.8355158859506,1.9775185476144,279.8665,294.383614152088
2015,"La Calamine",2.04,1.935,1.046638376,2.02524525756,2.13514228704,306.6845,320.987767024372
2016,"La Calamine",2.08,2.115,1.040396,2.20043754,2.16402368,323.2205,336.277315318
2017,"La Calamine",2.08,2.365,1.022,2.41703,2.12576,341.7705,349.289451
2012,"Leglise",1.4571,1.475,1.09217087138862,1.61095203529821,1.59140217670036,226.21195,247.062102550019
2013,"Leglise",2.17,1.565,1.06449402669456,1.66593315177699,2.3099520379272,289.5655,308.240745086824
2014,"Leglise",2.23,1.745,1.05187156788,1.8355158859506,2.3456735963724,307.6915,323.651940528349
2015,"Leglise",2.254,1.935,1.046638376,2.02524525756,2.359122899504,323.6975,338.79422571526
2016,"Leglise",2.38,2.115,1.040396,2.20043754,2.47614248,347.0705,361.090759918
2017,"Leglise",2.38,2.365,1.022,2.41703,2.43236,365.6205,373.664151
2012,"Libin",2.1036,1.475,1.09217087138862,1.61095203529821,2.2974906450531,277.6087,303.196135784062
2013,"Libin",2.1036,1.565,1.06449402669456,1.66593315177699,2.23926963455468,284.2867,302.621494018708
2014,"Libin",1.82,1.745,1.05187156788,1.8355158859506,1.9144062535416,275.0965,289.366186773301
2015,"Libin",1.82,1.935,1.046638376,2.02524525756,1.90488184432,289.1945,302.682061828132
2016,"Libin",2.1036,2.115,1.040396,2.20043754,2.1885770256,325.0967,338.2293062932
2017,"Libin",2.1036,2.365,1.022,2.41703,2.1498792,343.6467,351.2069274
2012,"Libramont-Chevigny",1.76,1.475,1.09217087138862,1.61095203529821,1.92222073364397,250.2925,273.362177827036
2013,"Libramont-Chevigny",2.08,1.565,1.06449402669456,1.66593315177699,2.21414757552469,282.4105,300.624290325824
2014,"Libramont-Chevigny",2.45,1.745,1.05187156788,1.8355158859506,2.577085341306,325.1815,342.04917425057
2015,"Libramont-Chevigny",2.45,1.935,1.046638376,2.02524525756,2.5642640212,339.2795,355.102944890092
2016,"Libramont-Chevigny",2.61,2.115,1.040396,2.20043754,2.71543356,365.3555,380.114400778
2017,"Libramont-Chevigny",2.61,2.365,1.022,2.41703,2.66742,383.9055,392.351421
2012,"Limbourg",1.56,1.475,1.09217087138862,1.61095203529821,1.70378655936625,234.3925,255.996660971957
2013,"Limbourg",1.84,1.565,1.06449402669456,1.66593315177699,1.95866900911799,263.3305,280.313744296492
2014,"Limbourg",1.84,1.745,1.05187156788,1.8355158859506,1.9354436848992,276.6865,291.03866256623
2015,"Limbourg",2.1,1.935,1.046638376,2.02524525756,2.1979405896,311.4545,325.980232077892
2016,"Limbourg",2.35,2.115,1.040396,2.20043754,2.4449306,344.6855,358.609415458
2017,"Limbourg",2.35,2.365,1.022,2.41703,2.4017,363.2355,371.226681
2012,"Manhay",1.85,0,1.09217087138862,0,2.02051611206894,148.0025,161.644019392694
2013,"Manhay",1.9733,0,1.06449402669456,0,2.10056606287638,157.80485,167.982320208431
2014,"Manhay",1.9733,0,1.05187156788,0,2.0756581648976,157.80485,165.990434988568
2015,"Manhay",1.9733,0,1.046638376,0,2.0653315073608,157.80485,165.164611928924
2016,"Manhay",2.1481,0,1.040396,0,2.2348746476,171.70145,178.6375017742
2017,"Manhay",2.1481,0,1.022,0,2.1953582,171.70145,175.4788819
2012,"Meix-Devant-Virton",1.2,1.475,1.09217087138862,1.61095203529821,1.31060504566634,205.7725,224.738730632815
2013,"Meix-Devant-Virton",1.2,1.565,1.06449402669456,1.66593315177699,1.27739283203347,212.4505,226.152288218273
2014,"Meix-Devant-Virton",1.2,1.745,1.05187156788,1.8355158859506,1.262245881456,225.8065,237.519437192495
2015,"Meix-Devant-Virton",1.2,1.935,1.046638376,2.02524525756,1.2559660512,239.9045,251.093256275092
2016,"Meix-Devant-Virton",1.6,2.115,1.040396,2.20043754,1.6646336,285.0605,296.575803958
2017,"Meix-Devant-Virton",1.6,2.365,1.022,2.41703,1.6352,303.6105,310.289931
2012,"Musson",1.81,1.475,1.09217087138862,1.61095203529821,1.9768292772134,254.2675,277.703557040806
2013,"Musson",1.8354,1.565,1.06449402669456,1.66593315177699,1.9537723365952,262.9648,279.92445883093
2014,"Musson",1.8354,1.745,1.05187156788,1.8355158859506,1.93060507568695,276.3208,290.653993133856
2015,"Musson",1.8354,1.935,1.046638376,2.02524525756,1.9210000753104,290.4188,303.963461191869
2016,"Musson",1.81,2.115,1.040396,2.20043754,1.88311676,301.7555,313.945215178
2017,"Musson",1.81,2.365,1.022,2.41703,1.84982,320.3055,327.352221
2012,"Nassogne",2.07,1.475,1.09217087138862,1.61095203529821,2.26079370377444,274.9375,300.278728952408
2013,"Nassogne",2.49,1.565,1.06449402669456,1.66593315177699,2.65059012646946,315.0055,335.321473125933
2014,"Nassogne",2.49,1.745,1.05187156788,1.8355158859506,2.6191602040212,328.3615,345.394125836429
2015,"Nassogne",2.49,1.935,1.046638376,2.02524525756,2.60612955624,342.4595,358.431254925772
2016,"Nassogne",2.49,2.115,1.040396,2.20043754,2.59058604,355.8155,370.189022938
2017,"Nassogne",2.49,2.365,1.022,2.41703,2.54478,374.3655,382.601541
2012,"Perwez",1.93,1.475,1.09217087138862,1.61095203529821,2.10788978178003,263.8075,288.122867153853
2013,"Perwez",1.93,1.565,1.06449402669456,1.66593315177699,2.0544734715205,270.4855,287.930199057491
2014,"Perwez",1.93,1.745,1.05187156788,1.8355158859506,2.0301121260084,283.8415,298.564803634411
2015,"Perwez",1.93,1.935,1.046638376,2.02524525756,2.02001206568,297.9395,311.834914426252
2016,"Perwez",1.93,2.115,1.040396,2.20043754,2.00796428,311.2955,323.870593018
2017,"Perwez",1.93,2.365,1.022,2.41703,1.97246,329.8455,337.102101
2012,"Rochefort",1.77,1.475,1.09217087138862,1.61095203529821,1.93314244235786,251.0875,274.23045366979
2013,"Rochefort",2.19,1.565,1.06449402669456,1.66593315177699,2.33124191846109,291.1555,309.933290589268
2014,"Rochefort",2.4311,1.745,1.05187156788,1.8355158859506,2.55720496867307,323.67895,340.468684626252
2015,"Rochefort",2.19,1.935,1.046638376,2.02524525756,2.29213804344,318.6095,333.468929658172
2016,"Rochefort",2.5428,2.115,1.040396,2.20043754,2.6455189488,360.0131,374.5561891876
2017,"Rochefort",2.5428,2.365,1.022,2.41703,2.5987416,378.5631,386.8914882
2012,"Rouvroy",1.18,1.475,1.09217087138862,1.61095203529821,1.28876162823857,204.1825,223.002178947307
2013,"Rouvroy",1.67,1.565,1.06449402669456,1.66593315177699,1.77770502457992,249.8155,265.927107525715
2014,"Rouvroy",1.67,1.745,1.05187156788,1.8355158859506,1.7566255183596,263.1715,276.822618326332
2015,"Rouvroy",1.67,1.935,1.046638376,2.02524525756,1.74788608792,277.2695,290.200899194332
2016,"Rouvroy",1.4,2.115,1.040396,2.20043754,1.4565544,269.1605,280.033507558
2017,"Rouvroy",1.4,2.365,1.022,2.41703,1.4308,287.7105,294.040131
2012,"Saint-Hubert",1.53,1.475,1.09217087138862,1.61095203529821,1.67102143322459,232.0075,253.391833443695
2013,"Saint-Hubert",1.53,1.565,1.06449402669456,1.66593315177699,1.62867586084268,238.6855,254.079289008604
2014,"Saint-Hubert",2.24,1.745,1.05187156788,1.8355158859506,2.3561923120512,308.4865,324.488178424814
2015,"Saint-Hubert",1.53,1.935,1.046638376,2.02524525756,1.60135671528,266.1395,278.551814069452
2016,"Saint-Hubert",2.24,2.115,1.040396,2.20043754,2.33048704,335.9405,349.511152438
2017,"Saint-Hubert",2.24,2.365,1.022,2.41703,2.28928,354.4905,362.289291
2012,"Saint-Leger",1.5491,1.475,1.09217087138862,1.61095203529821,1.69188189686811,233.52595,255.050240303355
2013,"Saint-Leger",1.5491,1.565,1.06449402669456,1.66593315177699,1.64900769675254,240.20395,255.695669963439
2014,"Saint-Leger",1.7567,1.745,1.05187156788,1.8355158859506,1.8478227832948,270.06415,284.07280088868
2015,"Saint-Leger",1.7567,1.935,1.046638376,2.02524525756,1.8386296351192,284.16215,297.415011196668
2016,"Saint-Leger",1.7976,2.115,1.040396,2.20043754,1.8702158496,300.7697,312.9195928012
2017,"Saint-Leger",1.7976,2.365,1.022,2.41703,1.8371472,319.3197,326.3447334
2012,"Saint-Vith",1.55,1.475,1.09217087138862,1.61095203529821,1.69286485065236,233.5975,255.128385129203
2013,"Saint-Vith",1.65,1.565,1.06449402669456,1.66593315177699,1.75641514404602,248.2255,264.234562023271
2014,"Saint-Vith",NA,1.745,1.05187156788,1.8355158859506,NA,NA,NA
2015,"Saint-Vith",1.75,1.935,1.046638376,2.02524525756,1.831617158,283.6295,296.857519265692
2016,"Saint-Vith",1.75,2.115,1.040396,2.20043754,1.820693,296.9855,308.982526258
2017,"Saint-Vith",1.75,2.365,1.022,2.41703,1.7885,315.5355,322.477281
2012,"Stoumont",1.15,0,1.09217087138862,0,1.25599650209691,92.3525,100.864710399917
2013,"Stoumont",2.18,0,1.06449402669456,0,2.32059697819414,174.2375,185.474777976193
2014,"Stoumont",2.18,0,1.05187156788,0,2.2930800179784,174.2375,183.275472308492
2015,"Stoumont",2.18,0,1.046638376,0,2.28167165968,174.2375,182.3636540383
2016,"Stoumont",2.18,0,1.040396,0,2.26806328,174.2375,181.27599805
2017,"Stoumont",2.18,0,1.022,0,2.22796,174.2375,178.070725
2012,"SWDE",2.4,1.475,1.09217087138862,1.61095203529821,2.62121009133268,301.1725,328.931831763289
2013,"SWDE",2.4488,1.565,1.06449402669456,1.66593315177699,2.60673297256964,311.7301,331.834829390898
2014,"SWDE",2.448,1.745,1.05187156788,1.8355158859506,2.57498159817024,325.0225,341.881926671277
2015,"SWDE",2.62,1.935,1.046638376,2.02524525756,2.74219254512,352.7945,369.248262541732
2016,"SWDE",2.62,2.115,1.040396,2.20043754,2.72583752,366.1505,380.941515598
2017,"SWDE",2.62,2.365,1.022,2.41703,2.67764,384.7005,393.163911
2012,"Tellin",1.9,1.475,1.09217087138862,1.61095203529821,2.07512465563838,261.4225,285.518039625591
2013,"Tellin",1.95,1.565,1.06449402669456,1.66593315177699,2.07576335205439,272.0755,289.622744559936
2014,"Tellin",2.22,1.745,1.05187156788,1.8355158859506,2.3351548806936,306.8965,322.815702631885
2015,"Tellin",1.95,1.935,1.046638376,2.02524525756,2.0409448332,299.5295,313.499069444092
2016,"Tellin",2.52,2.115,1.040396,2.20043754,2.62179792,358.2005,372.670367398
2017,"Tellin",2.52,2.365,1.022,2.41703,2.57544,376.7505,385.039011
2014,"Tenneville",1.9,1.745,1.05187156788,1.8355158859506,1.998555978972,281.4565,296.056089945017
2015,"Tenneville",1.9,1.935,1.046638376,2.02524525756,1.9886129144,295.5545,309.338681899492
2016,"Tenneville",2.34,2.115,1.040396,2.20043754,2.43452664,343.8905,357.782300638
2017,"Tenneville",2.34,2.365,1.022,2.41703,2.39148,362.4405,370.414191
2012,"Theux",1.92,1.475,1.09217087138862,1.61095203529821,2.09696807306615,263.0125,287.254591311099
2013,"Theux",2.255,1.565,1.06449402669456,1.66593315177699,2.40043403019623,296.323,315.434063472212
2014,"Theux",2.35,1.745,1.05187156788,1.8355158859506,2.471898184518,317.2315,333.686795285924
2015,"Theux",2.41,1.935,1.046638376,2.02524525756,2.52239848616,336.0995,351.774634854412
2016,"Theux",2.41,2.115,1.040396,2.20043754,2.50735436,349.4555,363.572104378
2017,"Theux",2.41,2.365,1.022,2.41703,2.46302,368.0055,376.101621
2012,"Tintigny",1.23,1.475,1.09217087138862,1.61095203529821,1.343370171808,208.1575,227.343558161076
2013,"Tintigny",1.28,1.565,1.06449402669456,1.66593315177699,1.36255235416904,218.8105,232.92247022805
2014,"Tintigny",1.28,1.745,1.05187156788,1.8355158859506,1.3463956068864,232.1665,244.209340364212
2015,"Tintigny",1.28,1.935,1.046638376,2.02524525756,1.33969712128,246.2645,257.749876346452
2016,"Tintigny",1.84,2.115,1.040396,2.20043754,1.91432864,304.1405,316.426559638
2017,"Tintigny",1.84,2.365,1.022,2.41703,1.88048,322.6905,329.789691
2012,"Trois-Ponts",1.66,1.475,1.09217087138862,1.61095203529821,1.81300364650511,242.3425,264.679419399496
2013,"Trois-Ponts",1.86,1.565,1.06449402669456,1.66593315177699,1.97995888965188,264.9205,282.006289798936
2014,"Trois-Ponts",2.1,1.745,1.05187156788,1.8355158859506,2.208930292548,297.3565,312.780847874309
2015,"Trois-Ponts",1.86,1.935,1.046638376,2.02524525756,1.94674737936,292.3745,306.010371863812
2016,"Trois-Ponts",2.28,2.115,1.040396,2.20043754,2.37210288,339.1205,352.819611718
2017,"Trois-Ponts",2.28,2.365,1.022,2.41703,2.33016,357.6705,365.539251
2012,"Virton",1.056,1.475,1.09217087138862,1.61095203529821,1.15333244018638,194.3245,212.235558497158
2014,"Virton",1.45,1.745,1.05187156788,1.8355158859506,1.525213773426,245.6815,258.42538460411
2015,"Virton",1.056,1.935,1.046638376,2.02524525756,1.105250125056,228.4565,239.111340146644
2016,"Virton",2.16,2.115,1.040396,2.20043754,2.24725536,329.5805,342.894233878
2017,"Virton",2.16,2.365,1.022,2.41703,2.20752,348.1305,355.789371
2014,"Vresse-Sur-Semois",2,1.745,1.05187156788,1.8355158859506,2.10374313576,289.4065,304.418468909663
2015,"Vresse-Sur-Semois",2.41,1.935,1.046638376,2.02524525756,2.52239848616,336.0995,351.774634854412
2016,"Vresse-Sur-Semois",2.6,2.115,1.040396,2.20043754,2.7050296,364.5605,379.287285958
2017,"Vresse-Sur-Semois",2.6,2.365,1.022,2.41703,2.6572,383.1105,391.538931
2012,"Waimes",1.8,1.475,1.09217087138862,1.61095203529821,1.96590756849951,253.4725,276.835281198052
2013,"Waimes",2.31,1.565,1.06449402669456,1.66593315177699,2.45898120166443,300.6955,320.088563603934
2014,"Waimes",2.45,1.745,1.05187156788,1.8355158859506,2.577085341306,325.1815,342.04917425057
2015,"Waimes",2.55,1.935,1.046638376,2.02524525756,2.6689278588,347.2295,363.423719979292
2016,"Waimes",2.64,2.115,1.040396,2.20043754,2.74664544,367.7405,382.595745238
2017,"Waimes",2.64,2.365,1.022,2.41703,2.69808,386.2905,394.788891
